•¶Žš—ñ,beatles‚ÌŠm—¦,rolling stones‚ÌŠm—¦,Œ‹‰Ê
ff,0.024,0.048,rolling stones
fg,0.036,0.032,beatles
gf,0.024,0.048,rolling stones
gg,0.036,0.032,beatles
fff,0.02268,0.10532,rolling stones
ffg,0.04052,0.04508,rolling stones
fgf,0.02484,0.11332,rolling stones
fgg,0.05076,0.05468,rolling stones
gff,0.06408,0.08084,rolling stones
gfg,0.09212,0.03276,beatles
ggf,0.0504,0.07732,rolling stones
ggg,0.0846,0.03468,beatles
ffff,0.011934,0.1041624,rolling stones
fffg,0.025226,0.0316776,rolling stones
ffgf,0.0145708,0.0618392,rolling stones
ffgg,0.0397812,0.0221768,beatles
fgff,0.0141864,0.114144,rolling stones
fgfg,0.0294796,0.035456,rolling stones
fggf,0.0182088,0.0720064,rolling stones
fggg,0.0501132,0.0250976,beatles
gfff,0.0366732,0.0791872,rolling stones
gffg,0.0743348,0.0239488,beatles
gfgf,0.04045,0.0446272,rolling stones
gfgg,0.09885,0.0160608,beatles
ggff,0.0321864,0.0760744,rolling stones
ggfg,0.0636796,0.0231896,beatles
gggf,0.0373104,0.0450792,rolling stones
gggg,0.0918156,0.0156728,beatles
fffff,0.0052587,0.08823272,rolling stones
ffffg,0.0118657,0.02347448,rolling stones
fffgf,0.006759532,0.031480144,rolling stones
fffgg,0.021956148,0.009394096,beatles
ffgff,0.005059976,0.054415856,rolling stones
ffgfg,0.013487564,0.015006544,rolling stones
ffggf,0.009807192,0.02421816,rolling stones
ffggg,0.033846188,0.0075764,beatles
fgfff,0.006466668,0.097165824,rolling stones
fgffg,0.014468852,0.026010816,rolling stones
fgfgf,0.00844082,0.035439552,rolling stones
fgfgg,0.02633538,0.010605568,beatles
fggff,0.006746856,0.06254232,rolling stones
fggfg,0.017458684,0.01701704,beatles
fgggf,0.012757056,0.026738224,rolling stones
fgggg,0.043176684,0.008218256,beatles
gffff,0.016499484,0.067070336,rolling stones
gfffg,0.036741076,0.017843264,beatles
gffgf,0.020442364,0.02380448,rolling stones
gffgg,0.065252196,0.00711488,beatles
gfgff,0.014885,0.039430448,rolling stones
gfgfg,0.0379679,0.010923152,beatles
gfggf,0.025786152,0.017657456,beatles
gfggg,0.085580828,0.005557584,beatles
ggfff,0.015098748,0.0645152,rolling stones
ggffg,0.033244772,0.01719776,beatles
ggfgf,0.018964484,0.023015744,rolling stones
ggfgg,0.057707076,0.006867136,beatles
gggff,0.015076968,0.039226496,rolling stones
gggfg,0.036879052,0.010695744,beatles
ggggf,0.02517,0.01676704,beatles
ggggg,0.0811119,0.00517728,beatles
ffffff,0.002174541,0.071756038,rolling stones
fffffg,0.005025544,0.018281191,rolling stones
ffffgf,0.002837074,0.0202096,rolling stones
ffffgg,0.009916304,0.005402381,beatles
fffgff,0.001890952,0.026222862,rolling stones
fffgfg,0.005817549,0.006844869,rolling stones
fffggf,0.004777486,0.008930304,rolling stones
fffggg,0.017962559,0.002555892,beatles
ffgfff,0.001848415,0.04464504,rolling stones
ffgffg,0.004677756,0.011485885,rolling stones
ffgfgf,0.00309042,0.013374564,rolling stones
ffgfgg,0.011167848,0.003674229,beatles
ffggff,0.002555013,0.020330553,rolling stones
ffggfg,0.008325559,0.005341466,beatles
ffgggf,0.00724445,0.007435072,rolling stones
ffgggg,0.027583409,0.002163495,beatles
fgffff,0.002705667,0.079146179,rolling stones
fgfffg,0.006239702,0.020202801,rolling stones
fgffgf,0.003566757,0.022511931,rolling stones
fgffgg,0.012224659,0.006044536,beatles
fgfgff,0.002490124,0.029525808,rolling stones
fgfgfg,0.007388406,0.007707485,rolling stones
fgfggf,0.005897854,0.010092543,rolling stones
fgfggg,0.021734461,0.002888781,beatles
fggfff,0.002563077,0.051112803,rolling stones
fggffg,0.006364298,0.01309192,rolling stones
fggfgf,0.004178381,0.014953366,rolling stones
fggfgg,0.014669138,0.004060016,beatles
fgggff,0.003491646,0.022325286,rolling stones
fgggfg,0.01101509,0.005831335,beatles
fggggf,0.009425142,0.007947652,beatles
fggggg,0.035405718,0.002288117,beatles
gfffff,0.006875256,0.054552763,rolling stones
gffffg,0.015802766,0.013900242,beatles
gfffgf,0.008825363,0.015371561,rolling stones
gfffgg,0.030740488,0.004112113,beatles
gffgff,0.005799474,0.019847966,rolling stones
gffgfg,0.017636651,0.005186773,beatles
gffggf,0.014285441,0.006779179,beatles
gffggg,0.053466771,0.001944508,beatles
gfgfff,0.005617523,0.032400689,rolling stones
gfgffg,0.013851887,0.008350441,beatles
gfgfgf,0.008741731,0.009788834,rolling stones
gfgfgg,0.031444144,0.00270195,beatles
gfggff,0.007007173,0.014858385,rolling stones
gfggfg,0.02207456,0.003914197,beatles
gfgggf,0.018578207,0.005485951,beatles
gfgggg,0.070001485,0.001603809,beatles
ggffff,0.006384805,0.052501665,rolling stones
ggfffg,0.014627639,0.013386546,beatles
ggffgf,0.008275649,0.014836776,rolling stones
ggffgg,0.028173066,0.003973919,beatles
ggfgff,0.005735697,0.019175959,rolling stones
ggfgfg,0.016708766,0.005006933,beatles
ggfggf,0.013086659,0.006529507,beatles
ggfggg,0.047797869,0.001869591,beatles
gggfff,0.005988245,0.032088336,rolling stones
gggffg,0.0144152,0.008227703,beatles
gggfgf,0.009028416,0.009433937,rolling stones
gggfgg,0.031184042,0.002570447,beatles
ggggff,0.007341391,0.014028868,rolling stones
ggggfg,0.022104627,0.003673013,beatles
gggggf,0.018156769,0.005033624,beatles
gggggg,0.066999239,0.001455816,beatles
fffffff,0.000878784,0.057683807,rolling stones
ffffffg,0.002047247,0.014503042,rolling stones
fffffgf,0.001147551,0.014961801,rolling stones
fffffgg,0.00413491,0.003822594,beatles
ffffgff,0.000722559,0.016400108,rolling stones
ffffgfg,0.00237997,0.004164316,rolling stones
ffffggf,0.002066106,0.00464265,rolling stones
ffffggg,0.008012028,0.00123325,beatles
fffgfff,0.000589061,0.02120133,rolling stones
fffgffg,0.001661307,0.005365128,rolling stones
fffgfgf,0.001238711,0.005753493,rolling stones
fffgfgg,0.004718001,0.001504733,beatles
fffggff,0.001074034,0.007338226,rolling stones
fffggfg,0.003910262,0.001886175,beatles
fffgggf,0.00367668,0.002332256,beatles
fffgggg,0.014455896,0.000645771,beatles
ffgffff,0.000699733,0.035978198,rolling stones
ffgfffg,0.001711361,0.009071717,rolling stones
ffgffgf,0.001050861,0.009505216,rolling stones
ffgffgg,0.003839594,0.002453246,beatles
ffgfgff,0.000749311,0.010914741,rolling stones
ffgfgfg,0.002569633,0.002787783,rolling stones
ffgfggf,0.002312804,0.003240093,rolling stones
ffgfggg,0.009013167,0.000877566,beatles
ffggfff,0.000742999,0.016458126,rolling stones
ffggffg,0.002213363,0.004170317,rolling stones
ffggfgf,0.001761432,0.004518949,rolling stones
ffggfgg,0.006748682,0.001187844,beatles
ffgggff,0.001599764,0.006122155,rolling stones
ffgggfg,0.005914172,0.001575899,beatles
ffggggf,0.00563172,0.001998275,beatles
ffggggg,0.022187547,0.000556875,beatles
fgfffff,0.00109717,0.063656121,rolling stones
fgffffg,0.002556338,0.016014087,rolling stones
fgfffgf,0.001443212,0.01656955,rolling stones
fgfffgg,0.005156912,0.004241723,beatles
fgffgff,0.000931358,0.018285385,rolling stones
fgffgfg,0.003012124,0.004647625,rolling stones
fgffggf,0.00257761,0.005216506,rolling stones
fgffggg,0.0099108,0.001390228,beatles
fgfgfff,0.000810985,0.023871088,rolling stones
fgfgffg,0.002217635,0.006040486,rolling stones
fgfgfgf,0.001601497,0.006478137,rolling stones
fgfgfgg,0.006021598,0.001694044,beatles
fgfggff,0.001374692,0.008291649,rolling stones
fgfggfg,0.004867979,0.002130632,beatles
fgfgggf,0.004493429,0.002635419,beatles
fgfgggg,0.017539776,0.00072939,beatles
fggffff,0.00098874,0.041142682,rolling stones
fggfffg,0.002395702,0.010359907,rolling stones
fggffgf,0.001463749,0.010778974,rolling stones
fggffgg,0.005263741,0.002768897,beatles
fggfgff,0.001057918,0.01217041,rolling stones
fggfgfg,0.003512906,0.003099513,beatles
fggfggf,0.003088189,0.003539992,rolling stones
fggfggg,0.01189415,0.0009504,beatles
fgggfff,0.001065708,0.018045035,rolling stones
fgggffg,0.0030719,0.004564267,rolling stones
fgggfgf,0.002379182,0.004901713,rolling stones
fgggfgg,0.008982894,0.001281124,beatles
fggggff,0.002144483,0.006527047,rolling stones
fggggfg,0.007752973,0.001675397,beatles
fgggggf,0.007288681,0.002093692,beatles
fgggggg,0.028546998,0.000579439,beatles
gffffff,0.002788114,0.043856376,rolling stones
gfffffg,0.006478527,0.011027081,rolling stones
gffffgf,0.003612225,0.011379044,rolling stones
gffffgg,0.013004207,0.002907932,beatles
gfffgff,0.002256248,0.012476885,rolling stones
gfffgfg,0.007407678,0.003168973,beatles
gfffggf,0.006409372,0.00353694,beatles
gfffggg,0.024840556,0.000940287,beatles
gffgfff,0.001828618,0.016052717,rolling stones
gffgffg,0.005106427,0.004063879,beatles
gffgfgf,0.003756845,0.004365896,rolling stones
gffgfgg,0.014300249,0.001143326,beatles
gffggff,0.003229508,0.005574477,rolling stones
gffggfg,0.011700998,0.001433971,beatles
gffgggf,0.010955291,0.001778312,beatles
gffgggg,0.043038399,0.000493301,beatles
gfgffff,0.002167583,0.026123464,rolling stones
gfgfffg,0.00522173,0.006590597,rolling stones
gfgffgf,0.003114571,0.006925238,rolling stones
gfgffgg,0.011362882,0.00179092,beatles
gfgfgff,0.002136523,0.007998015,rolling stones
gfgfgfg,0.007276239,0.002045481,beatles
gfgfggf,0.006506761,0.002393923,beatles
gfgfggg,0.025367882,0.000650812,beatles
gfggfff,0.002124189,0.012037452,rolling stones
gfggffg,0.006122663,0.003052866,beatles
gfggfgf,0.004691121,0.003321795,beatles
gfggfgg,0.01790307,0.000875623,beatles
gfgggff,0.004168997,0.004523257,rolling stones
gfgggfg,0.015209385,0.00116605,beatles
gfggggf,0.014337181,0.001487801,beatles
gfggggg,0.056350354,0.000416031,beatles
ggfffff,0.002601012,0.042214816,rolling stones
ggffffg,0.006042057,0.010616586,rolling stones
ggfffgf,0.003394062,0.010966406,rolling stones
ggfffgg,0.012099902,0.00280438,beatles
ggffgff,0.002179189,0.012045911,rolling stones
ggffgfg,0.007002084,0.003060363,beatles
ggffggf,0.005956969,0.003422029,beatles
ggffggg,0.022857449,0.000910555,beatles
ggfgfff,0.001904845,0.01550565,rolling stones
ggfgffg,0.00513373,0.003924336,beatles
ggfgfgf,0.003639999,0.004210521,rolling stones
ggfgfgg,0.013633363,0.001101697,beatles
ggfggff,0.003092498,0.005366576,rolling stones
ggfggfg,0.010832574,0.001379747,beatles
ggfgggf,0.009916938,0.001707028,beatles
ggfgggg,0.038609025,0.000472928,beatles
gggffff,0.00236455,0.025837092,rolling stones
gggfffg,0.005634021,0.006508183,rolling stones
gggffgf,0.003344106,0.006783751,rolling stones
gggffgg,0.011945652,0.001744972,beatles
gggfgff,0.002341709,0.007685485,rolling stones
gggfgfg,0.007631808,0.001959392,beatles
gggfggf,0.006604567,0.002249631,beatles
gggfggg,0.025324567,0.000605871,beatles
ggggfff,0.00236969,0.011347235,rolling stones
ggggffg,0.006552811,0.002872493,beatles
ggggfgf,0.004844628,0.003096591,beatles
ggggfgg,0.018091569,0.00081155,beatles
gggggff,0.004262706,0.004139581,beatles
gggggfg,0.01504006,0.001064214,beatles
ggggggf,0.013902074,0.001338161,beatles
ggggggg,0.054136115,0.000371708,beatles
ffffffff,0.00035237,0.046213773,rolling stones
fffffffg,0.000822685,0.011573128,rolling stones
ffffffgf,0.000458833,0.011682573,rolling stones
ffffffgg,0.00167395,0.002940172,rolling stones
fffffgff,0.00028099,0.012023592,rolling stones
fffffgfg,0.000953353,0.003020852,rolling stones
fffffggf,0.000847247,0.00313305,rolling stones
fffffggg,0.00332536,0.000800183,beatles
ffffgfff,0.000205696,0.013169199,rolling stones
ffffgffg,0.000619789,0.003306544,rolling stones
ffffgfgf,0.000494266,0.003392816,rolling stones
ffffgfgg,0.001917947,0.000862822,beatles
ffffggff,0.000439463,0.003756966,rolling stones
ffffggfg,0.001671481,0.000950569,beatles
ffffgggf,0.001617914,0.001050828,beatles
ffffgggg,0.006424674,0.00027663,beatles
fffgffff,0.000201596,0.017012988,rolling stones
fffgfffg,0.000528456,0.004268519,rolling stones
fffgffgf,0.000356802,0.004354921,rolling stones
fffgffgg,0.001347643,0.00110396,beatles
fffgfgff,0.00027443,0.00464533,rolling stones
fffgfgfg,0.001009759,0.00117296,rolling stones
fffgfggf,0.000955704,0.00126384,rolling stones
fffgfggg,0.003785459,0.000329375,beatles
fffggfff,0.000261252,0.005908401,rolling stones
fffggffg,0.000891594,0.001487932,rolling stones
fffggfgf,0.000797746,0.00155754,rolling stones
fffggfgg,0.003141168,0.000400787,beatles
fffgggff,0.000761239,0.001900563,rolling stones
fffgggfg,0.0029605,0.000484075,beatles
fffggggf,0.002909181,0.000571202,beatles
fffggggg,0.011582977,0.000154368,beatles
ffgfffff,0.000271045,0.028845149,rolling stones
ffgffffg,0.000649301,0.007229758,rolling stones
ffgfffgf,0.000380715,0.007332492,rolling stones
ffgfffgg,0.001398236,0.001851416,rolling stones
ffgffgff,0.000250956,0.007654645,rolling stones
ffgffgfg,0.000869178,0.001927578,rolling stones
ffgffggf,0.000786055,0.002032686,rolling stones
ffgffggg,0.003088071,0.000523961,beatles
ffgfgfff,0.000201493,0.0087766,rolling stones
ffgfgffg,0.000635451,0.00220712,rolling stones
ffgfgfgf,0.000531221,0.002286467,rolling stones
ffgfgfgg,0.002069946,0.000584977,beatles
ffgfggff,0.000487798,0.00263145,rolling stones
ffgfggfg,0.001868925,0.000668218,beatles
ffgfgggf,0.001819173,0.000761614,beatles
ffgfgggg,0.007227187,0.000203257,beatles
ffggffff,0.000240473,0.013210829,rolling stones
ffggfffg,0.000658209,0.003315716,rolling stones
ffggffgf,0.000472316,0.003390168,rolling stones
ffggffgg,0.001794628,0.000860573,beatles
ffggfgff,0.000385438,0.003651818,rolling stones
ffggfgfg,0.001433282,0.000922915,beatles
ffggfggf,0.001367652,0.001002623,beatles
ffggfggg,0.005416295,0.000262282,beatles
ffgggfff,0.000379004,0.004930179,rolling stones
ffgggffg,0.001322252,0.001241768,beatles
ffgggfgf,0.001205766,0.001303121,rolling stones
ffgggfgg,0.004751724,0.000335641,beatles
ffggggff,0.001162671,0.001629376,rolling stones
ffggggfg,0.004533461,0.000415127,beatles
ffgggggf,0.004464374,0.000494987,beatles
ffgggggg,0.017777985,0.000134113,beatles
fgffffff,0.000440195,0.051006231,rolling stones
fgfffffg,0.001028391,0.012775573,rolling stones
fgffffgf,0.000575914,0.012908758,rolling stones
fgffffgg,0.002094016,0.003250949,rolling stones
fgfffgff,0.000357086,0.01332109,rolling stones
fgfffgfg,0.001202087,0.003348348,rolling stones
fgfffggf,0.001061818,0.003483985,rolling stones
fgfffggg,0.004152926,0.00089144,beatles
fgffgfff,0.000271948,0.014686526,rolling stones
fgffgffg,0.000804156,0.003688517,rolling stones
fgffgfgf,0.000629696,0.003790843,rolling stones
fgffgfgg,0.00243143,0.000965034,beatles
fgffggff,0.000556708,0.004223929,rolling stones
fgffggfg,0.002091808,0.001069383,beatles
fgffgggf,0.002008692,0.001188319,beatles
fgffgggg,0.007954985,0.000313573,beatles
fgfgffff,0.000286247,0.019155079,rolling stones
fgfgfffg,0.000734392,0.004805888,rolling stones
fgfgffgf,0.000482189,0.004902828,rolling stones
fgfgffgg,0.001804654,0.001242778,beatles
fgfgfgff,0.000363135,0.005230163,rolling stones
fgfgfgfg,0.001311951,0.001320557,rolling stones
fgfgfggf,0.001226252,0.001422614,rolling stones
fgfgfggg,0.004838131,0.000370692,beatles
fgfggfff,0.000351288,0.006675456,rolling stones
fgfggffg,0.001153833,0.001680918,rolling stones
fgfggfgf,0.001001469,0.001758787,rolling stones
fgfggfgg,0.003918399,0.000452414,beatles
fgfgggff,0.000944155,0.002147227,rolling stones
fgfgggfg,0.00362915,0.000546779,beatles
fgfggggf,0.003540856,0.00064483,beatles
fgfggggg,0.014065676,0.000174177,beatles
fggfffff,0.000386187,0.032974308,rolling stones
fggffffg,0.000921308,0.008261327,rolling stones
fggfffgf,0.000538782,0.008360169,rolling stones
fggfffgg,0.001964106,0.002107629,rolling stones
fggffgff,0.000357499,0.008671738,rolling stones
fggffgfg,0.001217088,0.002181315,rolling stones
fggffggf,0.001086413,0.002282633,rolling stones
fggffggg,0.004242937,0.000585858,beatles
fggfgfff,0.000298666,0.009779356,rolling stones
fggfgffg,0.000908009,0.002457283,rolling stones
fggfgfgf,0.000734247,0.002533727,rolling stones
fggfgfgg,0.002837568,0.000646275,beatles
fggfggff,0.000665936,0.002869951,rolling stones
fggfggfg,0.00250697,0.00072745,beatles
fggfgggf,0.002413007,0.000817929,beatles
fggfgggg,0.009550345,0.000216894,beatles
fgggffff,0.000358042,0.014478002,rolling stones
fgggfffg,0.000955077,0.003631804,rolling stones
fgggffgf,0.000665928,0.003702604,rolling stones
fgggffgg,0.002501481,0.000938007,beatles
fgggfgff,0.000534631,0.003956286,rolling stones
fgggfgfg,0.001947226,0.000998534,beatles
fgggfggf,0.001832772,0.001074994,beatles
fgggfggg,0.007222568,0.000279848,beatles
fggggfff,0.000530356,0.005252562,rolling stones
fggggffg,0.00179034,0.001321899,beatles
fggggfgf,0.001594229,0.001381004,beatles
fggggfgg,0.006242964,0.00035468,beatles
fgggggff,0.001524491,0.001704646,rolling stones
fgggggfg,0.00588409,0.000433629,beatles
fggggggf,0.005760775,0.000511782,beatles
fggggggg,0.022891867,0.000138004,beatles
gfffffff,0.001119885,0.035136331,rolling stones
gffffffg,0.00261124,0.008799191,rolling stones
gfffffgf,0.00145247,0.008883224,rolling stones
gfffffgg,0.005297325,0.00223581,beatles
gffffgff,0.00088569,0.009144935,rolling stones
gffffgfg,0.003001547,0.002297753,beatles
gffffggf,0.002664625,0.00238404,beatles
gffffggg,0.010458012,0.000609037,beatles
gfffgfff,0.000644937,0.010019584,rolling stones
gfffgffg,0.001936737,0.002515944,rolling stones
gfffgfgf,0.00153849,0.002582713,rolling stones
gfffgfgg,0.005969197,0.000657009,beatles
gfffggff,0.001364198,0.002862736,rolling stones
gfffggfg,0.005185402,0.000724468,beatles
gfffgggf,0.005016298,0.000801872,beatles
gfffgggg,0.019918959,0.000211241,beatles
gffgffff,0.000631635,0.012882866,rolling stones
gffgfffg,0.001643686,0.003232687,rolling stones
gffgffgf,0.001097223,0.003300309,rolling stones
gffgffgg,0.004141637,0.000837014,beatles
gffgfgff,0.000833499,0.003526053,rolling stones
gffgfgfg,0.003062751,0.000890635,beatles
gffgfggf,0.002895338,0.000961633,beatles
gffgfggg,0.01147177,0.000250912,beatles
gffggfff,0.000791811,0.004489272,rolling stones
gffggffg,0.002684287,0.00113083,beatles
gffggfgf,0.002387253,0.001185234,beatles
gffggfgg,0.009398545,0.000305251,beatles
gffgggff,0.002270705,0.001449816,beatles
gffgggfg,0.008822175,0.000369455,beatles
gffggggf,0.008662048,0.000437122,beatles
gffggggg,0.034485358,0.000118302,beatles
gfgfffff,0.000848795,0.020947269,rolling stones
gfgffffg,0.002016217,0.005251128,rolling stones
gfgfffgf,0.001162398,0.005330692,rolling stones
gfgfffgg,0.004264913,0.001346854,beatles
gfgffgff,0.000746913,0.005579377,rolling stones
gfgffgfg,0.002577516,0.001405656,beatles
gfgffggf,0.002323606,0.001487083,beatles
gfgffggg,0.00913515,0.000384024,beatles
gfgfgfff,0.000580316,0.006433374,rolling stones
gfgfgffg,0.00181502,0.001618471,beatles
gfgfgfgf,0.001504207,0.001680199,rolling stones
gfgfgfgg,0.005860216,0.00043047,beatles
gfgfggff,0.001371326,0.001945787,rolling stones
gfgfggfg,0.005256539,0.000494522,beatles
gfgfgggf,0.005117277,0.000566859,beatles
gfgfgggg,0.020337744,0.000151704,beatles
gfggffff,0.000711647,0.009664627,rolling stones
gfggfffg,0.001896629,0.002426334,rolling stones
gfggffgf,0.001312151,0.00248441,rolling stones
gfggffgg,0.004966483,0.000631292,beatles
gfggfgff,0.001035113,0.002686084,rolling stones
gfggfgfg,0.003822324,0.000679319,beatles
gfggfggf,0.003628476,0.000741264,beatles
gfggfggg,0.014367572,0.000194387,beatles
gfgggfff,0.001011302,0.003643997,rolling stones
gfgggffg,0.003460774,0.00091823,beatles
gfgggfgf,0.003106232,0.00096587,beatles
gfgggfgg,0.012222774,0.00024917,beatles
gfggggff,0.002972332,0.00121412,beatles
gfggggfg,0.011549137,0.0003096,beatles
gfgggggf,0.011345571,0.000370986,beatles
gfgggggg,0.045157932,0.000100767,beatles
ggffffff,0.00104577,0.03382301,rolling stones
ggfffffg,0.00243967,0.008470848,rolling stones
ggffffgf,0.001362867,0.00855467,rolling stones
ggffffgg,0.004950875,0.002153634,beatles
ggfffgff,0.000842526,0.008814569,rolling stones
ggfffgfg,0.002828952,0.002215093,beatles
ggfffggf,0.002493428,0.002300827,beatles
ggfffggg,0.009746211,0.000588151,beatles
ggffgfff,0.000641715,0.009674138,rolling stones
ggffgffg,0.001885256,0.002429389,rolling stones
ggffgfgf,0.001465937,0.002494988,rolling stones
ggffgfgg,0.005653859,0.000634878,beatles
ggffggff,0.001291078,0.002770196,rolling stones
ggffggfg,0.004837422,0.000701169,beatles
ggffgggf,0.004635976,0.000777189,beatles
ggffgggg,0.018349998,0.000204874,beatles
ggfgffff,0.000681339,0.012442973,rolling stones
ggfgfffg,0.00173099,0.003122053,rolling stones
ggfgffgf,0.001119956,0.003185983,rolling stones
ggfgffgg,0.004180419,0.000807778,beatles
ggfgfgff,0.000831246,0.003399938,rolling stones
ggfgfgfg,0.002986004,0.000858607,beatles
ggfgfggf,0.002779194,0.000925799,beatles
ggfgfggg,0.010956512,0.000241386,beatles
ggfggfff,0.000804403,0.004321252,rolling stones
ggfggffg,0.002605387,0.001088333,beatles
ggfggfgf,0.002233754,0.001139729,beatles
ggfggfgg,0.008723705,0.00029337,beatles
ggfgggff,0.002093896,0.001391302,beatles
ggfgggfg,0.008016885,0.000354436,beatles
ggfggggf,0.007801582,0.000418578,beatles
ggfggggg,0.030969173,0.000113181,beatles
gggfffff,0.000934928,0.020709373,rolling stones
gggffffg,0.002210686,0.005189051,rolling stones
gggfffgf,0.001271801,0.005254257,rolling stones
gggfffgg,0.004622197,0.001325185,beatles
gggffgff,0.000825858,0.005459215,rolling stones
gggffgfg,0.002786836,0.001373689,beatles
gggffggf,0.002469547,0.001440689,beatles
gggffggg,0.009632497,0.00037025,beatles
gggfgfff,0.000678453,0.006177263,rolling stones
gggfgffg,0.002021914,0.001552674,beatles
gggfgfgf,0.001602098,0.001603756,rolling stones
gggfgfgg,0.006170312,0.000409554,beatles
gggfggff,0.001436096,0.001825107,rolling stones
gggfggfg,0.005370327,0.000462963,beatles
gggfgggf,0.00514588,0.000523064,beatles
gggfgggg,0.020342493,0.000139053,beatles
ggggffff,0.000829683,0.00910616,rolling stones
ggggfffg,0.00214673,0.002284859,rolling stones
ggggffgf,0.001435339,0.002332562,rolling stones
ggggffgg,0.005347874,0.000591497,beatles
ggggfgff,0.001110899,0.002500897,rolling stones
ggggfgfg,0.003981301,0.000631643,beatles
ggggfggf,0.003704269,0.000682969,beatles
ggggfggg,0.014559004,0.000178237,beatles
gggggfff,0.001099448,0.003332655,rolling stones
gggggffg,0.003591387,0.000839125,beatles
gggggfgf,0.003112611,0.00087883,beatles
gggggfgg,0.012128728,0.000226095,beatles
ggggggff,0.002941434,0.001090488,beatles
ggggggfg,0.011249288,0.000277673,beatles
gggggggf,0.010950485,0.000329484,beatles
gggggggg,0.043438811,8.91E-05,beatles
fffffffff,0.00014096,0.036987009,rolling stones
ffffffffg,0.000329197,0.009251474,rolling stones
fffffffgf,0.000183013,0.009277666,rolling stones
fffffffgg,0.000670992,0.002324086,rolling stones
ffffffgff,0.000110584,0.009358908,rolling stones
ffffffgfg,0.00037976,0.002343274,rolling stones
ffffffggf,0.000340709,0.00236994,rolling stones
ffffffggg,0.001343744,0.0005965,beatles
fffffgfff,7.66E-05,0.009630266,rolling stones
fffffgffg,0.000238543,0.00241087,rolling stones
fffffgfgf,0.000196202,0.00243093,rolling stones
fffffgfgg,0.000766618,0.000611123,beatles
fffffggff,0.000176349,0.00251638,rolling stones
fffffggfg,0.00068254,0.000631718,beatles
fffffgggf,0.000668249,0.000655096,beatles
fffffgggg,0.002663156,0.000167009,beatles
ffffgffff,6.55E-05,0.010546744,rolling stones
ffffgfffg,0.000180978,0.002640033,rolling stones
ffffgffgf,0.000130484,0.002659019,rolling stones
ffffgffgg,0.000500446,0.000668093,rolling stones
ffffgfgff,0.000105687,0.002723573,rolling stones
ffffgfgfg,0.000400077,0.000683436,rolling stones
ffffgfggf,0.000385988,0.000703463,rolling stones
ffffgfggg,0.001536329,0.00017881,beatles
ffffggfff,9.82E-05,0.003013808,rolling stones
ffffggffg,0.000358597,0.000755805,rolling stones
ffffggfgf,0.000337348,0.000771089,rolling stones
ffffggfgg,0.001339498,0.00019526,beatles
ffffgggff,0.000328406,0.000848296,rolling stones
ffffgggfg,0.001297759,0.000214026,beatles
ffffggggf,0.001287913,0.000233389,beatles
ffffggggg,0.005142656,6.09E-05,beatles
fffgfffff,7.37E-05,0.013622753,rolling stones
fffgffffg,0.000183776,0.003409336,rolling stones
fffgfffgf,0.000114651,0.003429655,rolling stones
fffgfffgg,0.000429114,0.000861025,rolling stones
fffgffgff,8.06E-05,0.003493887,rolling stones
fffgffgfg,0.00029172,0.000876212,rolling stones
fffgffggf,0.000272693,0.000897021,rolling stones
fffgffggg,0.001080687,0.000227371,beatles
fffgfgfff,6.55E-05,0.003725027,rolling stones
fffgfgffg,0.000226745,0.000933789,rolling stones
fffgfgfgf,0.000205036,0.000949406,rolling stones
fffgfgfgg,0.000810133,0.000239968,beatles
fffgfggff,0.000195188,0.00101882,rolling stones
fffgfggfg,0.000767443,0.000256734,beatles
fffgfgggf,0.000759257,0.000275299,beatles
fffgfgggg,0.003030435,7.14E-05,beatles
fffggffff,7.07E-05,0.004735273,rolling stones
fffggfffg,0.000221562,0.001186324,rolling stones
fffggffgf,0.000183573,0.001200783,rolling stones
fffggffgg,0.000717173,0.000302712,beatles
fffggfgff,0.000165234,0.001253143,rolling stones
fffggfgfg,0.000642179,0.000315209,beatles
fffggfggf,0.000630643,0.000330866,beatles
fffggfggg,0.002515088,8.50E-05,beatles
fffgggfff,0.000162406,0.001526737,rolling stones
fffgggffg,0.000616047,0.000383462,beatles
fffgggfgf,0.000595472,0.000395565,beatles
fffgggfgg,0.002371156,0.000100811,beatles
fffggggff,0.000587397,0.000463039,beatles
fffggggfg,0.002331446,0.000117282,beatles
fffgggggf,0.00232041,0.000133429,beatles
fffgggggg,0.009270241,3.54E-05,beatles
ffgffffff,0.000106481,0.023091117,rolling stones
ffgfffffg,0.000252031,0.005777209,rolling stones
ffgffffgf,0.000143875,0.005801774,rolling stones
ffgffffgg,0.00052937,0.001454821,rolling stones
ffgfffgff,9.05E-05,0.005878017,rolling stones
ffgfffgfg,0.000314354,0.001472822,rolling stones
ffgfffggf,0.000284584,0.0014978,rolling stones
ffgfffggg,0.001122591,0.000378207,beatles
ffgffgfff,6.63E-05,0.0061343,rolling stones
ffgffgffg,0.000211721,0.001536642,rolling stones
ffgffgfgf,0.000178441,0.001555312,rolling stones
ffgffgfgg,0.000698754,0.000391979,beatles
ffgffggff,0.000163241,0.001635396,rolling stones
ffgffggfg,0.000633079,0.000411286,beatles
ffgffgggf,0.000620753,0.000433107,beatles
ffgffgggg,0.002473415,0.00011129,beatles
ffgfgffff,6.08E-05,0.007031624,rolling stones
ffgfgfffg,0.00017516,0.001760946,rolling stones
ffgfgffgf,0.000132941,0.001778235,rolling stones
ffgfgffgg,0.000512707,0.000447594,beatles
ffgfgfgff,0.00011251,0.001837658,rolling stones
ffgfgfgfg,0.000429357,0.000461726,rolling stones
ffgfgfggf,0.000416624,0.000480038,rolling stones
ffgfgfggg,0.001658304,0.000122693,beatles
ffgfggfff,0.000107475,0.002112643,rolling stones
ffgfggffg,0.000397139,0.000530295,rolling stones
ffgfggfgf,0.000377088,0.000544277,rolling stones
ffgfggfgg,0.001497849,0.000138334,beatles
ffgfgggff,0.000369026,0.000616281,rolling stones
ffgfgggfg,0.001459183,0.00015585,beatles
ffgfggggf,0.001448933,0.000173739,beatles
ffgfggggg,0.005785283,4.58E-05,beatles
ffggfffff,8.47E-05,0.010579171,rolling stones
ffggffffg,0.000217184,0.002647892,rolling stones
ffggfffgf,0.000141935,0.002665203,rolling stones
ffggfffgg,0.000534146,0.000669372,rolling stones
ffggffgff,0.000105239,0.002720611,rolling stones
ffggffgfg,0.000385304,0.000682484,rolling stones
ffggffggf,0.000363237,0.000700296,rolling stones
ffggffggg,0.001439455,0.000177733,beatles
ffggfgfff,9.02E-05,0.002928913,rolling stones
ffggfgffg,0.000317401,0.00073438,rolling stones
ffggfgfgf,0.000290838,0.000747768,rolling stones
ffggfgfgg,0.001149976,0.000189174,beatles
ffggfggff,0.000279362,0.000808748,rolling stones
ffggfggfg,0.001098397,0.000203921,beatles
ffggfgggf,0.00108684,0.000220025,beatles
ffggfgggg,0.004336593,5.72E-05,beatles
ffgggffff,9.92E-05,0.003951373,rolling stones
ffgggfffg,0.000319354,0.000989957,rolling stones
ffgggffgf,0.000271703,0.001002282,rolling stones
ffgggffgg,0.001063509,0.000252703,beatles
ffgggfgff,0.000249178,0.001048567,rolling stones
ffgggfgfg,0.000970391,0.000263775,beatles
ffgggfggf,0.000954392,0.000277335,beatles
ffgggfggg,0.003805222,7.13E-05,beatles
ffggggfff,0.000246764,0.001308876,rolling stones
ffggggffg,0.00094027,0.000328729,beatles
ffggggfgf,0.000911994,0.000339297,beatles
ffggggfgg,0.003631388,8.65E-05,beatles
ffgggggff,0.000901327,0.000401314,beatles
ffgggggfg,0.003577961,0.000101646,beatles
ffggggggf,0.003561722,0.000116146,beatles
ffggggggg,0.014228718,3.09E-05,beatles
fgfffffff,0.000176058,0.040824495,rolling stones
fgffffffg,0.000411401,0.010211887,rolling stones
fgfffffgf,0.000229237,0.010243824,rolling stones
fgfffffgg,0.000839377,0.00256665,rolling stones
fgffffgff,0.000139363,0.010342639,rolling stones
fgffffgfg,0.00047713,0.002589976,rolling stones
fgffffggf,0.000427053,0.002622414,rolling stones
fgffffggg,0.001681875,0.000660487,beatles
fgfffgfff,9.85E-05,0.01067064,rolling stones
fgfffgffg,0.000303987,0.002671652,rolling stones
fgfffgfgf,0.000248001,0.002695896,rolling stones
fgfffgfgg,0.000967204,0.000678071,beatles
fgfffggff,0.000222394,0.002799193,rolling stones
fgfffggfg,0.000856424,0.000702966,beatles
fgfffgggf,0.00083574,0.000731212,beatles
fgfffgggg,0.003327154,0.000186711,beatles
fgffgffff,8.85E-05,0.011762712,rolling stones
fgffgfffg,0.000240632,0.002944645,rolling stones
fgffgffgf,0.000170239,0.002967148,rolling stones
fgffgffgg,0.000650141,0.000745743,rolling stones
fgffgfgff,0.000135934,0.003043714,rolling stones
fgffgfgfg,0.000510651,0.00076394,rolling stones
fgffgfggf,0.000490163,0.000787674,rolling stones
fgffgfggg,0.001948479,0.000200406,beatles
fgffggfff,0.000127521,0.003388876,rolling stones
fgffggffg,0.000456463,0.000849999,rolling stones
fgffggfgf,0.000423384,0.000868082,rolling stones
fgffggfgg,0.001677382,0.000219961,beatles
fgffgggff,0.000409914,0.000959686,rolling stones
fgffgggfg,0.001612851,0.000242229,beatles
fgffggggf,0.001596331,0.000265169,beatles
fgffggggg,0.006369294,6.93E-05,beatles
fgfgfffff,0.000106652,0.015337917,rolling stones
fgfgffffg,0.000262418,0.003838568,rolling stones
fgfgfffgf,0.000160534,0.003861342,rolling stones
fgfgfffgg,0.000597427,0.000969382,rolling stones
fgfgffgff,0.000110642,0.003933409,rolling stones
fgfgffgfg,0.000395512,0.000986421,rolling stones
fgfgffggf,0.000366321,0.001009747,rolling stones
fgfgffggg,0.00144831,0.000255928,beatles
fgfgfgfff,8.96E-05,0.004193932,rolling stones
fgfgfgffg,0.000302135,0.001051315,rolling stones
fgfgfgfgf,0.000267597,0.001068798,rolling stones
fgfgfgfgg,0.001053632,0.000270127,beatles
fgfgfggff,0.000252417,0.001146765,rolling stones
fgfgfggfg,0.000986187,0.000288962,beatles
fgfgfgggf,0.00097184,0.000309777,beatles
fgfgfgggg,0.003874634,8.03E-05,beatles
fgfggffff,0.000100587,0.005349872,rolling stones
fgfggfffg,0.000301799,0.001340253,rolling stones
fgfggffgf,0.00023979,0.001356346,rolling stones
fgfggffgg,0.000929982,0.000341885,beatles
fgfggfgff,0.000210187,0.001414945,rolling stones
fgfggfgfg,0.000808208,0.000355876,beatles
fgfggfggf,0.000788317,0.000373343,beatles
fgfggfggg,0.003139017,9.59E-05,beatles
fgfgggfff,0.000206647,0.001724779,rolling stones
fgfgggffg,0.000767855,0.000433171,beatles
fgfgggfgf,0.000732112,0.000446685,beatles
fgfgggfgg,0.002908635,0.00011381,beatles
fgfggggff,0.000718407,0.000522654,beatles
fgfggggfg,0.002840375,0.000132361,beatles
fgfgggggf,0.002820384,0.000150472,beatles
fgfgggggg,0.011259959,3.99E-05,beatles
fggffffff,0.000152243,0.026393856,rolling stones
fggfffffg,0.000359726,0.00660272,rolling stones
fggffffgf,0.000205113,0.006626327,rolling stones
fggffffgg,0.000752246,0.001660788,rolling stones
fggfffgff,0.000129451,0.00669969,rolling stones
fggfffgfg,0.000445903,0.001678111,rolling stones
fggfffggf,0.000401207,0.001702126,rolling stones
fggfffggg,0.001578453,0.000429143,beatles
fggffgfff,9.71E-05,0.006947559,rolling stones
fggffgffg,0.000303458,0.001739836,rolling stones
fggffgfgf,0.000251082,0.001757788,rolling stones
fggffgfgg,0.000979552,0.000442475,beatles
fggffggff,0.000228071,0.001834999,rolling stones
fggffggfg,0.000876811,0.000461092,beatles
fggffgggf,0.000854893,0.000482101,beatles
fggffgggg,0.003400472,0.000123424,beatles
fggfgffff,9.43E-05,0.007833402,rolling stones
fggfgfffg,0.000262611,0.001961264,rolling stones
fggfgffgf,0.000191886,0.001977854,rolling stones
fggfgffgg,0.000734285,0.000497374,beatles
fggfgfgff,0.000158053,0.002035126,rolling stones
fggfgfgfg,0.000595334,0.000510999,beatles
fggfgfggf,0.000572739,0.000528604,beatles
fggfgfggg,0.00227488,0.000134729,beatles
fggfggfff,0.00015212,0.002303145,rolling stones
fggfggffg,0.000546043,0.000577833,rolling stones
fggfggfgf,0.00050801,0.00059129,rolling stones
fggfggfgg,0.002011148,0.000149998,beatles
fggfgggff,0.000493247,0.000661072,rolling stones
fggfgggfg,0.001938379,0.00016698,beatles
fggfggggf,0.001917538,0.000184259,beatles
fggfggggg,0.007647902,4.83E-05,beatles
fgggfffff,0.00012914,0.011592331,rolling stones
fgggffffg,0.000325784,0.00290101,rolling stones
fgggfffgf,0.000208059,0.002917387,rolling stones
fgggfffgg,0.000777077,0.00073225,beatles
fgggffgff,0.000151325,0.002970108,rolling stones
fgggffgfg,0.000545454,0.000744732,rolling stones
fgggffggf,0.000508552,0.000761626,rolling stones
fgggffggg,0.00200871,0.000192925,beatles
fgggfgfff,0.000130049,0.003172096,rolling stones
fgggfgffg,0.000443883,0.000795061,rolling stones
fgggfgfgf,0.000397325,0.000807785,rolling stones
fgggfgfgg,0.001564333,0.000204063,beatles
fgggfggff,0.000378082,0.000866319,rolling stones
fgggfggfg,0.001474797,0.000218226,beatles
fgggfgggf,0.001452174,0.000233607,beatles
fgggfgggg,0.0057858,6.05E-05,beatles
fggggffff,0.000146213,0.004208894,rolling stones
fggggfffg,0.000452291,0.001054223,rolling stones
fggggffgf,0.000371339,0.001065933,rolling stones
fggggffgg,0.001443144,0.000268504,beatles
fggggfgff,0.000333753,0.001110577,rolling stones
fggggfgfg,0.001286311,0.000279195,beatles
fggggfggf,0.001256937,0.000292168,beatles
fggggfggg,0.005002532,7.49E-05,beatles
fgggggfff,0.000331024,0.001368836,rolling stones
fgggggffg,0.00123851,0.000343643,beatles
fgggggfgf,0.001187282,0.000353793,beatles
fgggggfgg,0.004716711,9.00E-05,beatles
fggggggff,0.001168497,0.000414547,beatles
fggggggfg,0.004621377,0.000104898,beatles
fgggggggf,0.004590594,0.000118979,beatles
fgggggggg,0.01832627,3.15E-05,beatles
gffffffff,0.000448387,0.02812134,rolling stones
gfffffffg,0.001046469,0.007033959,rolling stones
gffffffgf,0.000580983,0.007054068,rolling stones
gffffffgg,0.002129771,0.001767103,beatles
gfffffgff,0.00035028,0.007116455,rolling stones
gfffffgfg,0.00120228,0.00178184,rolling stones
gfffffggf,0.00107816,0.001802328,rolling stones
gfffffggg,0.004252289,0.000453668,beatles
gffffgfff,0.000241967,0.007324729,rolling stones
gffffgffg,0.000752122,0.001833728,rolling stones
gffffgfgf,0.000617752,0.001849181,rolling stones
gffffgfgg,0.00241359,0.000464909,beatles
gffffggff,0.000554647,0.001914891,rolling stones
gffffggfg,0.002146586,0.000480745,beatles
gffffgggf,0.002101499,0.000498743,beatles
gffffgggg,0.008375302,0.000127178,beatles
gfffgffff,0.000206243,0.008024501,rolling stones
gfffgfffg,0.000567877,0.002008723,rolling stones
gfffgffgf,0.000407828,0.002023448,rolling stones
gfffgffgg,0.001563763,0.000508453,beatles
gfffgfgff,0.000329089,0.002073402,rolling stones
gfffgfgfg,0.001245336,0.000520324,beatles
gfffgfggf,0.001201131,0.000535847,beatles
gfffgfggg,0.004781259,0.000136245,beatles
gfffggfff,0.000305256,0.002296584,rolling stones
gfffggffg,0.001113316,0.000575974,beatles
gfffggfgf,0.001046449,0.000587825,beatles
gfffggfgg,0.004155306,0.000148887,beatles
gfffgggff,0.00101818,0.000647415,beatles
gfffgggfg,0.004023552,0.000163369,beatles
gfffggggf,0.003992879,0.000178348,beatles
gfffggggg,0.015944011,4.66E-05,beatles
gffgfffff,0.00023242,0.010315987,rolling stones
gffgffffg,0.000576619,0.002581858,rolling stones
gffgfffgf,0.000356838,0.002597786,rolling stones
gffgfffgg,0.001334659,0.000652279,beatles
gffgffgff,0.000248228,0.002648052,rolling stones
gffgffgfg,0.000897302,0.000664163,beatles
gffgffggf,0.000837771,0.000680471,beatles
gffgffggg,0.003320811,0.000172562,beatles
gffgfgfff,0.000199271,0.002827726,rolling stones
gffgfgffg,0.000688885,0.000708921,rolling stones
gffgfgfgf,0.000621798,0.000721172,rolling stones
gffgfgfgg,0.002457038,0.000182348,beatles
gffgfggff,0.000590976,0.000775384,rolling stones
gffgfggfg,0.002324658,0.00019544,beatles
gffgfgggf,0.00230041,0.000209974,beatles
gffgfgggg,0.009183103,5.45E-05,beatles
gffggffff,0.000216477,0.003598147,rolling stones
gffggfffg,0.000672767,0.000901509,rolling stones
gffggffgf,0.000552922,0.000912872,rolling stones
gffggffgg,0.002159095,0.000230198,beatles
gffggfgff,0.000494708,0.000953777,rolling stones
gffggfgfg,0.001921769,0.000239958,beatles
gffggfggf,0.00188653,0.000252234,beatles
gffggfggg,0.007524763,6.48E-05,beatles
gffgggfff,0.000485385,0.001164796,rolling stones
gffgggffg,0.001838067,0.000292598,beatles
gffgggfgf,0.001774347,0.00030208,beatles
gffgggfgg,0.007065614,7.70E-05,beatles
gffggggff,0.001749059,0.000354458,beatles
gffggggfg,0.006941735,8.98E-05,beatles
gffgggggf,0.006908255,0.000102398,beatles
gffgggggg,0.027599494,2.72E-05,beatles
gfgffffff,0.000335448,0.016769439,rolling stones
gfgfffffg,0.000790365,0.004195792,rolling stones
gfgffffgf,0.000447035,0.004214829,rolling stones
gfgffffgg,0.001643632,0.0010571,beatles
gfgfffgff,0.000277226,0.00427388,rolling stones
gfgfffgfg,0.000960206,0.001071044,rolling stones
gfgfffggf,0.00086752,0.001090408,rolling stones
gfgfffggg,0.003423402,0.000275516,beatles
gfgffgfff,0.000198587,0.00447173,rolling stones
gfgffgffg,0.000630782,0.001120318,rolling stones
gfgffgfgf,0.000529189,0.001134823,rolling stones
gfgffgfgg,0.002071971,0.000286155,beatles
gfgffggff,0.00048202,0.001196852,rolling stones
gfgffggfg,0.001870937,0.000301108,beatles
gfgffgggf,0.001835444,0.000318039,beatles
gfgffgggg,0.00731589,8.18E-05,beatles
gfgfgffff,0.000177001,0.005154783,rolling stones
gfgfgfffg,0.000505523,0.001291072,rolling stones
gfgfgffgf,0.000379951,0.001304572,rolling stones
gfgfgffgg,0.00146438,0.000328514,beatles
gfgfgfgff,0.000318819,0.001350788,rolling stones
gfgfgfgfg,0.001215832,0.000339504,beatles
gfgfgfggf,0.001179128,0.000353783,beatles
gfgfgfggg,0.004694324,9.05E-05,beatles
gfgfggfff,0.00030179,0.001562479,rolling stones
gfgfggffg,0.001116094,0.000392289,beatles
gfgfggfgf,0.001060168,0.000403191,beatles
gfgfggfgg,0.004212349,0.000102567,beatles
gfgfgggff,0.001037219,0.000458936,beatles
gfgfgggfg,0.004103916,0.000116124,beatles
gfgfggggf,0.004076541,0.000130022,beatles
gfgfggggg,0.016279209,3.43E-05,beatles
gfggfffff,0.000256608,0.007739928,rolling stones
gfggffffg,0.000646523,0.001937409,rolling stones
gfggfffgf,0.000410627,0.001950954,rolling stones
gfggfffgg,0.001539867,0.000490143,beatles
gfggffgff,0.000294891,0.001994167,rolling stones
gfggffgfg,0.001071992,0.000500368,beatles
gfggffggf,0.00100526,0.000514296,beatles
gfggffggg,0.003983249,0.000130655,beatles
gfggfgfff,0.000245341,0.002154719,rolling stones
gfggfgffg,0.000854408,0.000540369,beatles
gfggfgfgf,0.000776201,0.000550849,beatles
gfggfgfgg,0.003067013,0.000139462,beatles
gfggfggff,0.000741528,0.000598217,beatles
gfggfggfg,0.002914253,0.000150914,beatles
gfggfgggf,0.002882642,0.000163475,beatles
gfggfgggg,0.011502978,4.26E-05,beatles
gfgggffff,0.000272786,0.002920878,rolling stones
gfgggfffg,0.000857311,0.000731881,beatles
gfgggffgf,0.00071307,0.000741543,rolling stones
gfgggffgg,0.002784614,0.000187061,beatles
gfgggfgff,0.000644153,0.000777457,rolling stones
gfgggfgfg,0.002501265,0.000195647,beatles
gfgggfggf,0.002455212,0.000206234,beatles
gfgggfggg,0.009788079,5.31E-05,beatles
gfggggfff,0.000635576,0.000975512,rolling stones
gfggggffg,0.00240679,0.000245065,beatles
gfggggfgf,0.002324333,0.000253302,beatles
gfggggfgg,0.00925159,6.46E-05,beatles
gfgggggff,0.002292654,0.000300937,beatles
gfgggggfg,0.009094159,7.63E-05,beatles
gfggggggf,0.009048234,8.75E-05,beatles
gfggggggg,0.036143387,2.33E-05,beatles
ggfffffff,0.000418684,0.027070673,rolling stones
ggffffffg,0.000977681,0.006771291,rolling stones
ggfffffgf,0.000544102,0.006791376,rolling stones
ggfffffgg,0.001991516,0.001701425,beatles
ggffffgff,0.000330255,0.006853588,rolling stones
ggffffgfg,0.001129424,0.001716117,rolling stones
ggffffggf,0.001009969,0.001736554,rolling stones
ggffffggg,0.003976727,0.000437216,beatles
ggfffgfff,0.000233335,0.007060384,rolling stones
ggfffgffg,0.000717828,0.001767627,rolling stones
ggfffgfgf,0.000583942,0.001782987,rolling stones
ggfffgfgg,0.002276418,0.000448344,beatles
ggfffggff,0.000522818,0.001848272,rolling stones
ggfffggfg,0.002011509,0.000464077,beatles
ggfffgggf,0.001961721,0.000481959,beatles
ggfffgggg,0.007808636,0.000122966,beatles
ggffgffff,0.000210337,0.00774799,rolling stones
ggffgfffg,0.000568809,0.00193955,rolling stones
ggffgffgf,0.000399639,0.001954018,rolling stones
ggffgffgg,0.001524559,0.00049105,beatles
ggffgfgff,0.000317193,0.002003094,rolling stones
ggffgfgfg,0.001189301,0.000502713,beatles
ggffgfggf,0.001140074,0.000517961,beatles
ggffgfggg,0.004531082,0.000131734,beatles
ggffggfff,0.000297369,0.002222431,rolling stones
ggffggffg,0.001059693,0.000557401,beatles
ggffggfgf,0.000979597,0.000569032,beatles
ggffggfgg,0.003879407,0.000144153,beatles
ggffgggff,0.00094702,0.000627559,beatles
ggffgggfg,0.003723058,0.000158376,beatles
ggffggggf,0.003682939,0.000173083,beatles
ggffggggg,0.014692861,4.52E-05,beatles
ggfgfffff,0.000255902,0.009963537,rolling stones
ggfgffffg,0.000625975,0.002493587,rolling stones
ggfgfffgf,0.000379192,0.002508637,rolling stones
ggfgfffgg,0.001408701,0.000629835,beatles
ggfgffgff,0.000258284,0.002556163,rolling stones
ggfgffgfg,0.000919513,0.000641072,beatles
ggfgffggf,0.00084901,0.000656487,beatles
ggfgffggg,0.003355302,0.000166431,beatles
ggfgfgfff,0.000207047,0.002726455,rolling stones
ggfgfgffg,0.000693002,0.000683494,beatles
ggfgfgfgf,0.000609696,0.000695076,rolling stones
ggfgfgfgg,0.002398543,0.000175711,beatles
ggfgfggff,0.000573011,0.000746386,rolling stones
ggfgfggfg,0.00223576,0.000188103,beatles
ggfgfgggf,0.002201345,0.000201851,beatles
ggfgfgggg,0.008775032,5.23E-05,beatles
ggfggffff,0.000234745,0.003463339,rolling stones
ggfggfffg,0.000694049,0.000867692,rolling stones
ggfggffgf,0.000542921,0.0008784,rolling stones
ggfggffgg,0.00210098,0.000221465,beatles
ggfggfgff,0.000470671,0.000917053,rolling stones
ggfggfgfg,0.001803975,0.00023069,beatles
ggfggfggf,0.001755819,0.000242275,beatles
ggfggfggg,0.006989191,6.22E-05,beatles
ggfgggfff,0.000462078,0.001117703,rolling stones
ggfgggffg,0.001705511,0.000280744,beatles
ggfgggfgf,0.001618507,0.000289699,beatles
ggfgggfgg,0.006426246,7.38E-05,beatles
ggfggggff,0.001585082,0.000339359,beatles
ggfggggfg,0.006259816,8.60E-05,beatles
ggfgggggf,0.006211313,9.79E-05,beatles
ggfgggggg,0.024793197,2.60E-05,beatles
gggffffff,0.000370923,0.016577006,rolling stones
gggfffffg,0.000872383,0.004147059,rolling stones
gggffffgf,0.000493061,0.004162638,rolling stones
gggffffgg,0.001805551,0.001043436,beatles
gggfffgff,0.000307269,0.004211047,rolling stones
gggfffgfg,0.001053686,0.001054871,rolling stones
gggfffggf,0.000944635,0.001070739,rolling stones
gggfffggg,0.003714932,0.000270073,beatles
gggffgfff,0.00022718,0.004374134,rolling stones
gggffgffg,0.000703012,0.001095493,rolling stones
gggffgfgf,0.00057586,0.001107414,rolling stones
gggffgfgg,0.002243608,0.000278867,beatles
gggffggff,0.000519765,0.00115846,rolling stones
gggffggfg,0.001994019,0.000291173,beatles
gggffgggf,0.001941455,0.0003051,beatles
gggffgggg,0.00772048,7.82E-05,beatles
gggfgffff,0.000219157,0.00494848,rolling stones
gggfgfffg,0.000599858,0.00123908,rolling stones
gggfgffgf,0.000429082,0.001250225,rolling stones
gggfgffgg,0.001636386,0.000314514,beatles
gggfgfgff,0.000347281,0.001288482,rolling stones
gggfgfgfg,0.001300678,0.000323613,beatles
gggfgfggf,0.001246458,0.00033542,beatles
gggfgfggg,0.004947659,8.56E-05,beatles
gggfggfff,0.000332379,0.001464924,rolling stones
gggfggffg,0.001180553,0.000367611,beatles
gggfggfgf,0.001089762,0.00037664,beatles
gggfggfgg,0.004309442,9.56E-05,beatles
gggfgggff,0.001054402,0.000422966,beatles
gggfgggfg,0.004135572,0.000106892,beatles
gggfggggf,0.004086131,0.000118425,beatles
gggfggggg,0.016291978,3.11E-05,beatles
ggggfffff,0.000307232,0.007291649,rolling stones
ggggffffg,0.000760269,0.001824894,rolling stones
ggggfffgf,0.00047089,0.001835972,rolling stones
ggggfffgg,0.001748942,0.000460959,beatles
ggggffgff,0.000331177,0.001871488,rolling stones
ggggffgfg,0.001179123,0.000469368,beatles
ggggffggf,0.001089303,0.000480791,beatles
ggggffggg,0.004296177,0.000121904,beatles
ggggfgfff,0.00027804,0.002005527,rolling stones
ggggfgffg,0.000927742,0.000502769,beatles
ggggfgfgf,0.000815132,0.0005114,beatles
ggggfgfgg,0.003200658,0.000129289,beatles
ggggfggff,0.000768301,0.000550666,beatles
ggggfggfg,0.002983803,0.000138786,beatles
ggggfgggf,0.002929867,0.000149167,beatles
ggggfgggg,0.011665433,3.87E-05,beatles
gggggffff,0.000317617,0.002670798,rolling stones
gggggfffg,0.000947614,0.000669066,beatles
gggggffgf,0.000750265,0.000677036,beatles
gggggffgg,0.002899163,0.000170639,beatles
gggggfgff,0.00065838,0.000706999,rolling stones
gggggfgfg,0.002516306,0.000177809,beatles
gggggfggf,0.002445528,0.000186593,beatles
gggggfggg,0.009722255,4.79E-05,beatles
ggggggfff,0.000651311,0.000875881,rolling stones
ggggggffg,0.002398666,0.000219951,beatles
ggggggfgf,0.002274832,0.000226811,beatles
ggggggfgg,0.009021847,5.78E-05,beatles
gggggggff,0.002229234,0.000267047,beatles
gggggggfg,0.008790846,6.76E-05,beatles
ggggggggf,0.008716902,7.70E-05,beatles
ggggggggg,0.034781464,2.04E-05,beatles
ffffffffff,5.64E-05,0.029593443,rolling stones
fffffffffg,0.000131597,0.007399494,rolling stones
ffffffffgf,7.30E-05,0.007405772,rolling stones
ffffffffgg,0.00026823,0.001852562,rolling stones
fffffffgff,4.38E-05,0.007425204,rolling stones
fffffffgfg,0.000151257,0.001857149,rolling stones
fffffffggf,0.000136204,0.001863524,rolling stones
fffffffggg,0.000538234,0.000466841,beatles
ffffffgfff,2.96E-05,0.007489827,rolling stones
ffffffgffg,9.35E-05,0.00187324,rolling stones
ffffffgfgf,7.79E-05,0.001877998,rolling stones
ffffffgfgg,0.000305136,0.000470303,rolling stones
ffffffggff,7.03E-05,0.001898308,rolling stones
ffffffggfg,0.00027403,0.000475198,rolling stones
ffffffgggf,0.000269524,0.000480746,rolling stones
ffffffgggg,0.001075632,0.000120953,beatles
fffffgffff,2.35E-05,0.007706851,rolling stones
fffffgfffg,6.68E-05,0.001927488,rolling stones
fffffgffgf,4.98E-05,0.00193189,rolling stones
fffffgffgg,0.000192266,0.000483746,rolling stones
fffffgfgff,4.14E-05,0.001946902,rolling stones
fffffgfgfg,0.000158402,0.000487314,rolling stones
fffffgfggf,0.000153953,0.00049196,rolling stones
fffffgfggg,0.000613765,0.000123672,beatles
fffffggfff,3.80E-05,0.002015006,rolling stones
fffffggffg,0.000142916,0.000504295,rolling stones
fffffggfgf,0.00013725,0.000507835,rolling stones
fffffggfgg,0.00054656,0.000127534,beatles
fffffgggff,0.000134687,0.000525845,rolling stones
fffffgggfg,0.000535317,0.000131913,beatles
fffffggggf,0.000533168,0.000136413,beatles
fffffggggg,0.002131025,3.47E-05,beatles
ffffgfffff,2.29E-05,0.008440103,rolling stones
ffffgffffg,5.90E-05,0.002110825,rolling stones
ffffgfffgf,3.87E-05,0.002115277,rolling stones
ffffgfffgg,0.000146497,0.00052961,rolling stones
ffffgffgff,2.86E-05,0.002129393,rolling stones
ffffgffgfg,0.000106093,0.000532948,rolling stones
ffffgffggf,0.000100824,0.00053751,rolling stones
ffffgffggg,0.0004009,0.00013506,beatles
ffffgfgfff,2.39E-05,0.002180771,rolling stones
ffffgfgffg,8.64E-05,0.000545745,rolling stones
ffffgfgfgf,8.07E-05,0.000549161,rolling stones
ffffgfgfgg,0.000320575,0.000137862,beatles
ffffgfggff,7.81E-05,0.000564465,rolling stones
ffffgfggfg,0.000309378,0.00014156,beatles
ffffgfgggf,0.00030762,0.000145635,beatles
ffffgfgggg,0.001229374,3.70E-05,beatles
ffffggffff,2.38E-05,0.0024129,rolling stones
ffffggfffg,8.14E-05,0.000603768,rolling stones
ffffggffgf,7.28E-05,0.000606909,rolling stones
ffffggffgg,0.000287645,0.000152273,beatles
ffffggfgff,6.86E-05,0.000618416,rolling stones
ffffggfgfg,0.000270664,0.000155021,beatles
ffffggfggf,0.000268296,0.000158438,beatles
ffffggfggg,0.001071922,4.01E-05,beatles
ffffgggfff,6.76E-05,0.000680002,rolling stones
ffffgggffg,0.000264016,0.000170386,beatles
ffffgggfgf,0.000260117,0.000173032,beatles
ffffgggfgg,0.001038637,4.37E-05,beatles
ffffggggff,0.000258503,0.000188041,beatles
ffffggggfg,0.001030986,4.73E-05,beatles
ffffgggggf,0.001029112,5.09E-05,beatles
ffffgggggg,0.004114696,1.32E-05,beatles
fffgffffff,2.81E-05,0.010901163,rolling stones
fffgfffffg,6.79E-05,0.002726165,rolling stones
fffgffffgf,4.02E-05,0.002731016,rolling stones
fffgffffgg,0.000149374,0.000683618,rolling stones
fffgfffgff,2.64E-05,0.002746095,rolling stones
fffgfffgfg,9.41E-05,0.000687178,rolling stones
fffgfffggf,8.68E-05,0.000692109,rolling stones
fffgfffggg,0.000344042,0.000173769,beatles
fffgffgfff,1.98E-05,0.00279719,rolling stones
fffgffgffg,6.69E-05,0.0006999,rolling stones
fffgffgfgf,5.93E-05,0.000703576,rolling stones
fffgffgfgg,0.00023406,0.000176514,beatles
fffgffggff,5.57E-05,0.000719437,rolling stones
fffgffggfg,0.000218929,0.000180339,beatles
fffgffgggf,0.000216594,0.000184646,beatles
fffgffgggg,0.000864946,4.68E-05,beatles
fffgfgffff,1.73E-05,0.002982038,rolling stones
fffgfgfffg,5.52E-05,0.000746102,rolling stones
fffgfgffgf,4.65E-05,0.000749478,rolling stones
fffgfgffgg,0.000182187,0.000187961,rolling stones
fffgfgfgff,4.22E-05,0.000761181,rolling stones
fffgfgfgfg,0.000164826,0.000190746,rolling stones
fffgfgfggf,0.000162424,0.000194333,rolling stones
fffgfgfggg,0.000648429,4.91E-05,beatles
fffgfggfff,4.06E-05,0.000816516,rolling stones
fffgfggffg,0.000157243,0.000204545,rolling stones
fffgfggfgf,0.000153968,0.000207286,rolling stones
fffgfggfgg,0.000614322,5.23E-05,beatles
fffgfgggff,0.00015255,0.00022161,rolling stones
fffgfgggfg,0.000607909,5.58E-05,beatles
fffgfggggf,0.000606502,5.93E-05,beatles
fffgfggggg,0.002424754,1.53E-05,beatles
fffggfffff,2.15E-05,0.003790239,rolling stones
fffggffffg,6.15E-05,0.000948156,rolling stones
fffggfffgf,4.63E-05,0.000951491,rolling stones
fffggfffgg,0.000178618,0.000238463,rolling stones
fffggffgff,3.87E-05,0.000962258,rolling stones
fffggffgfg,0.000148216,0.000241013,rolling stones
fffggffggf,0.000144087,0.000244454,rolling stones
fffggffggg,0.000574256,6.16E-05,beatles
fffggfgfff,3.53E-05,0.001003947,rolling stones
fffggfgffg,0.000133721,0.0002514,rolling stones
fffggfgfgf,0.000129085,0.000253986,rolling stones
fffggfgfgg,0.000514228,6.39E-05,beatles
fffggfggff,0.000126952,0.000265978,rolling stones
fffggfggfg,0.000505099,6.68E-05,beatles
fffggfgggf,0.000503437,7.00E-05,beatles
fffggfgggg,0.002012466,1.79E-05,beatles
fffgggffff,3.65E-05,0.001222775,rolling stones
fffgggfffg,0.00013267,0.000306098,rolling stones
fffgggffgf,0.000124349,0.000308475,rolling stones
fffgggffgg,0.000493678,7.75E-05,beatles
fffgggfgff,0.000120323,0.000317622,rolling stones
fffgggfgfg,0.000477236,7.97E-05,beatles
fffgggfggf,0.00047474,8.24E-05,beatles
fffgggfggg,0.001897376,2.10E-05,beatles
fffggggfff,0.000119661,0.000371469,rolling stones
fffggggffg,0.000471431,9.32E-05,beatles
fffggggfgf,0.000467008,9.52E-05,beatles
fffggggfgg,0.001865743,2.41E-05,beatles
fffgggggff,0.000465263,0.000107788,beatles
fffgggggfg,0.001857198,2.72E-05,beatles
fffggggggf,0.001854853,3.01E-05,beatles
fffggggggg,0.007417005,7.88E-06,beatles
ffgfffffff,4.22E-05,0.018476491,rolling stones
ffgffffffg,9.92E-05,0.004620186,rolling stones
ffgfffffgf,5.58E-05,0.004626075,rolling stones
ffgfffffgg,0.000205304,0.001157568,rolling stones
ffgffffgff,3.42E-05,0.004644298,rolling stones
ffgffffgfg,0.000118753,0.001161869,rolling stones
ffgffffggf,0.000107454,0.001167845,rolling stones
ffgffffggg,0.000424665,0.000292861,beatles
ffgfffgfff,2.38E-05,0.004704938,rolling stones
ffgfffgffg,7.63E-05,0.001176967,rolling stones
ffgfffgfgf,6.44E-05,0.001181417,rolling stones
ffgfffgfgg,0.000252538,0.000296106,rolling stones
ffgfffggff,5.87E-05,0.001200443,rolling stones
ffgfffggfg,0.000228866,0.000300692,rolling stones
ffgfffgggf,0.000225222,0.000305884,rolling stones
ffgfffgggg,0.000898679,7.72E-05,beatles
ffgffgffff,1.97E-05,0.004909888,rolling stones
ffgffgfffg,5.74E-05,0.001228192,rolling stones
ffgffgffgf,4.40E-05,0.001232279,rolling stones
ffgffgffgg,0.000170559,0.000308788,rolling stones
ffgffgfgff,3.74E-05,0.001246254,rolling stones
ffgffgfgfg,0.000143943,0.00031211,rolling stones
ffgffgfggf,0.000140321,0.000316428,rolling stones
ffgffgfggg,0.000559456,7.97E-05,beatles
ffgffggfff,3.50E-05,0.001310082,rolling stones
ffgffggffg,0.00013221,0.000328024,rolling stones
ffgffggfgf,0.000127304,0.000331314,rolling stones
ffgffggfgg,0.000506977,8.34E-05,beatles
ffgffgggff,0.000125158,0.000348129,rolling stones
ffgffgggfg,0.000497316,8.75E-05,beatles
ffgffggggf,0.000495262,9.16E-05,beatles
ffgffggggg,0.001979291,2.35E-05,beatles
ffgfgfffff,2.04E-05,0.005627757,rolling stones
ffgfgffffg,5.42E-05,0.001407665,rolling stones
ffgfgfffgf,3.72E-05,0.001411708,rolling stones
ffgfgfffgg,0.00014165,0.000353645,rolling stones
ffgfgffgff,2.88E-05,0.001424566,rolling stones
ffgfgffgfg,0.000107861,0.000356686,rolling stones
ffgfgffggf,0.000103268,0.000360833,rolling stones
ffgfgffggg,0.000410743,9.08E-05,beatles
ffgfgfgfff,2.50E-05,0.001471862,rolling stones
ffgfgfgffg,9.17E-05,0.000368467,rolling stones
ffgfgfgfgf,8.66E-05,0.000371572,rolling stones
ffgfgfgfgg,0.000344015,9.34E-05,beatles
ffgfgfggff,8.42E-05,0.000385571,rolling stones
ffgfgfggfg,0.000333936,9.68E-05,beatles
ffgfgfgggf,0.000332115,0.000100512,beatles
ffgfgfgggg,0.00132707,2.56E-05,beatles
ffgfggffff,2.54E-05,0.001691792,rolling stones
ffgfggfffg,8.87E-05,0.000423439,rolling stones
ffgfggffgf,8.05E-05,0.000426289,rolling stones
ffgfggffgg,0.000318538,0.000107067,beatles
ffgfggfgff,7.66E-05,0.000436823,rolling stones
ffgfggfgfg,0.000302512,0.000109584,beatles
ffgfggfggf,0.000300071,0.000112696,beatles
ffgfggfggg,0.001198725,2.86E-05,beatles
ffgfgggfff,7.58E-05,0.000494264,rolling stones
ffgfgggffg,0.000296639,0.000123915,beatles
ffgfgggfgf,0.000292516,0.00012633,beatles
ffgfgggfgg,0.001167903,3.20E-05,beatles
ffgfggggff,0.000290878,0.000140206,beatles
ffgfggggfg,0.001159954,3.54E-05,beatles
ffgfgggggf,0.001157798,3.86E-05,beatles
ffgfgggggg,0.004628977,1.01E-05,beatles
ffggffffff,3.15E-05,0.00846585,rolling stones
ffggfffffg,7.75E-05,0.002117205,rolling stones
ffggffffgf,4.73E-05,0.002121326,rolling stones
ffggffffgg,0.000176427,0.000531065,rolling stones
ffggfffgff,3.23E-05,0.002134177,rolling stones
ffggfffgfg,0.000116198,0.0005341,rolling stones
ffggfffggf,0.000108081,0.000538294,rolling stones
ffggfffggg,0.000428296,0.000135203,beatles
ffggffgfff,2.53E-05,0.002178256,rolling stones
ffggffgffg,8.71E-05,0.000545076,rolling stones
ffggffgfgf,7.82E-05,0.000548203,rolling stones
ffggffgfgg,0.000309104,0.000137577,beatles
ffggffggff,7.41E-05,0.000561786,rolling stones
ffggffggfg,0.000291618,0.000140854,beatles
ffggffgggf,0.000288593,0.00014453,beatles
ffggffgggg,0.001152209,3.66E-05,beatles
ffggfgffff,2.32E-05,0.00234484,rolling stones
ffggfgfffg,7.57E-05,0.000586712,rolling stones
ffggfgffgf,6.49E-05,0.000589581,rolling stones
ffggfgffgg,0.000254981,0.000147897,beatles
ffggfgfgff,5.97E-05,0.000599622,rolling stones
ffggfgfgfg,0.000233738,0.000150288,beatles
ffggfgfggf,0.000230602,0.000153349,beatles
ffggfgfggg,0.000920508,3.88E-05,beatles
ffggfggfff,5.82E-05,0.00064824,rolling stones
ffggfggffg,0.000225081,0.000162413,beatles
ffggfggfgf,0.000220426,0.000164757,beatles
ffggfggfgg,0.000879321,4.16E-05,beatles
ffggfgggff,0.000218506,0.000177194,beatles
ffggfgggfg,0.000870311,4.46E-05,beatles
ffggfggggf,0.00086806,4.76E-05,beatles
ffggfggggg,0.003470019,1.23E-05,beatles
ffgggfffff,2.92E-05,0.0031628,rolling stones
ffgggffffg,8.57E-05,0.000791201,rolling stones
ffgggfffgf,6.64E-05,0.000794015,rolling stones
ffgggfffgg,0.000257348,0.000199001,beatles
ffgggffgff,5.70E-05,0.000803203,rolling stones
ffgggffgfg,0.000219201,0.000201179,beatles
ffgggffggf,0.000213709,0.000204096,beatles
ffgggffggg,0.000851662,5.15E-05,beatles
ffgggfgfff,5.30E-05,0.000840064,rolling stones
ffgggfgffg,0.000201526,0.000210364,rolling stones
ffgggfgfgf,0.000195062,0.000212563,rolling stones
ffgggfgfgg,0.000777087,5.35E-05,beatles
ffgggfggff,0.000192214,0.000222962,rolling stones
ffgggfggfg,0.000764485,5.60E-05,beatles
ffgggfgggf,0.000761827,5.87E-05,beatles
ffgggfgggg,0.003044947,1.50E-05,beatles
ffggggffff,5.50E-05,0.001048271,rolling stones
ffggggfffg,0.00020129,0.000262409,rolling stones
ffggggffgf,0.00018976,0.000264429,rolling stones
ffggggffgg,0.000753536,6.65E-05,beatles
ffggggfgff,0.000184274,0.000272435,rolling stones
ffggggfgfg,0.000730935,6.84E-05,beatles
ffggggfggf,0.00072718,7.07E-05,beatles
ffggggfggg,0.002905955,1.80E-05,beatles
ffgggggfff,0.000183578,0.000321936,rolling stones
ffgggggffg,0.000723406,8.07E-05,beatles
ffgggggfgf,0.000716792,8.25E-05,beatles
ffgggggfgg,0.002863399,2.09E-05,beatles
ffggggggff,0.000714266,9.38E-05,beatles
ffggggggfg,0.002850835,2.37E-05,beatles
ffgggggggf,0.002847116,2.62E-05,beatles
ffgggggggg,0.011384386,6.88E-06,beatles
fgffffffff,7.04E-05,0.032664278,rolling stones
fgfffffffg,0.000164378,0.008167452,rolling stones
fgffffffgf,9.13E-05,0.008175114,rolling stones
fgffffffgg,0.000335305,0.002045144,rolling stones
fgfffffgff,5.50E-05,0.008198804,rolling stones
fgfffffgfg,0.000189527,0.002050735,rolling stones
fgfffffggf,0.00017052,0.002058508,rolling stones
fgfffffggg,0.000673453,0.000515797,beatles
fgffffgfff,3.75E-05,0.008277397,rolling stones
fgffffgffg,0.000117941,0.002070302,rolling stones
fgffffgfgf,9.80E-05,0.00207609,rolling stones
fgffffgfgg,0.000383456,0.00052,rolling stones
fgffffggff,8.83E-05,0.002100796,rolling stones
fgffffggfg,0.000343637,0.000525955,rolling stones
fgffffgggf,0.000337537,0.000532703,rolling stones
fgffffgggg,0.001346494,0.000134109,beatles
fgfffgffff,3.05E-05,0.0085397,rolling stones
fgfffgfffg,8.61E-05,0.002135862,rolling stones
fgfffgffgf,6.36E-05,0.002141182,rolling stones
fgfffgffgg,0.000245133,0.00053623,rolling stones
fgfffgfgff,5.25E-05,0.002159325,rolling stones
fgfffgfgfg,0.000200361,0.000540543,rolling stones
fgfffgfggf,0.000194349,0.000546157,rolling stones
fgfffgfggg,0.000774467,0.000137363,beatles
fgfffggfff,4.84E-05,0.002241651,rolling stones
fgfffggffg,0.000180589,0.000561069,rolling stones
fgfffggfgf,0.000172393,0.000565343,rolling stones
fgfffggfgg,0.000685947,0.00014203,beatles
fgfffgggff,0.00016879,0.000587105,rolling stones
fgfffgggfg,0.000669739,0.000147321,beatles
fgfffggggf,0.000666353,0.000152757,beatles
fgfffggggg,0.002662604,3.89E-05,beatles
fgffgfffff,3.13E-05,0.009413379,rolling stones
fgffgffffg,7.99E-05,0.002354292,rolling stones
fgffgfffgf,5.17E-05,0.002359569,rolling stones
fgffgfffgg,0.000194964,0.000590829,rolling stones
fgffgffgff,3.77E-05,0.002376299,rolling stones
fgffgffgfg,0.000138632,0.000594785,rolling stones
fgffgffggf,0.00013114,0.000600191,rolling stones
fgffgffggg,0.000520965,0.000150856,beatles
fgffgfgfff,3.12E-05,0.002437236,rolling stones
fgffgfgffg,0.000111428,0.000609963,rolling stones
fgffgfgfgf,0.000103224,0.000614008,rolling stones
fgffgfgfgg,0.000409312,0.000154179,beatles
fgffgfggff,9.94E-05,0.000632146,rolling stones
fgffgfggfg,0.000393068,0.000158561,beatles
fgffgfgggf,0.000390318,0.000163389,beatles
fgffgfgggg,0.001559352,4.15E-05,beatles
fgffggffff,3.20E-05,0.00271329,rolling stones
fgffggfffg,0.000106368,0.000678964,rolling stones
fgffggffgf,9.30E-05,0.000682676,rolling stones
fgffggffgg,0.000366425,0.000171314,beatles
fgffggfgff,8.65E-05,0.000696291,rolling stones
fgffggfgfg,0.000339992,0.000174565,beatles
fgffggfggf,0.000336173,0.000178606,beatles
fgffggfggg,0.001342497,4.52E-05,beatles
fgffgggfff,8.52E-05,0.000769362,rolling stones
fgffgggffg,0.000330133,0.000192795,beatles
fgffgggfgf,0.000323566,0.000195924,beatles
fgffgggfgg,0.001291061,4.95E-05,beatles
fgffggggff,0.000320909,0.000213708,beatles
fgffggggfg,0.001278252,5.38E-05,beatles
fgffgggggf,0.001274936,5.80E-05,beatles
fgffgggggg,0.005096508,1.50E-05,beatles
fgfgffffff,4.11E-05,0.012273652,rolling stones
fgfgfffffg,9.85E-05,0.003069393,rolling stones
fgfgffffgf,5.76E-05,0.003074828,rolling stones
fgfgffffgg,0.0002135,0.000769675,rolling stones
fgfgfffgff,3.73E-05,0.00309173,rolling stones
fgfgfffgfg,0.000131959,0.000773665,rolling stones
fgfgfffggf,0.000121101,0.000779191,rolling stones
fgfgfffggg,0.000479182,0.000195628,beatles
fgfgffgfff,2.78E-05,0.003149057,rolling stones
fgfgffgffg,9.23E-05,0.000787939,rolling stones
fgfgffgfgf,8.06E-05,0.000792057,rolling stones
fgfgffgfgg,0.00031751,0.000198708,beatles
fgfgffggff,7.51E-05,0.000809837,rolling stones
fgfgffggfg,0.000294351,0.000202996,beatles
fgfgffgggf,0.000290504,0.000207822,beatles
fgfgffgggg,0.001159408,5.26E-05,beatles
fgfgfgffff,2.47E-05,0.003357399,rolling stones
fgfgfgfffg,7.62E-05,0.000840012,rolling stones
fgfgfgffgf,6.23E-05,0.000843787,rolling stones
fgfgfgffgg,0.000243032,0.000211608,beatles
fgfgfgfgff,5.55E-05,0.00085689,rolling stones
fgfgfgfgfg,0.000215412,0.000214726,beatles
fgfgfgfggf,0.000211446,0.00021874,rolling stones
fgfgfgfggg,0.000843515,5.53E-05,beatles
fgfgfggfff,5.33E-05,0.000919044,rolling stones
fgfgfggffg,0.000203878,0.000230226,rolling stones
fgfgfggfgf,0.000198123,0.000233293,rolling stones
fgfgfggfgg,0.00078965,5.88E-05,beatles
fgfgfgggff,0.000195708,0.000249356,rolling stones
fgfgfgggfg,0.000778449,6.27E-05,beatles
fgfgfggggf,0.000775773,6.67E-05,beatles
fgfgfggggg,0.003100549,1.72E-05,beatles
fgfggfffff,3.22E-05,0.004282143,rolling stones
fgfggffffg,8.86E-05,0.001071198,rolling stones
fgfggfffgf,6.36E-05,0.001074904,rolling stones
fgfggfffgg,0.000243772,0.000269382,rolling stones
fgfggffgff,5.13E-05,0.00108689,rolling stones
fgfggffgfg,0.000194139,0.000272221,rolling stones
fgfggffggf,0.000187188,0.000276048,rolling stones
fgfggffggg,0.000744969,6.96E-05,beatles
fgfggfgfff,4.60E-05,0.001133549,rolling stones
fgfggfgffg,0.000170831,0.000283846,rolling stones
fgfggfgfgf,0.000162816,0.000286724,rolling stones
fgfggfgfgg,0.00064747,7.22E-05,beatles
fgfggfggff,0.000159214,0.000300105,rolling stones
fgfggfggfg,0.00063177,7.54E-05,beatles
fgfggfgggf,0.000628663,7.89E-05,beatles
fgfggfgggg,0.002512045,2.02E-05,beatles
fgfgggffff,4.84E-05,0.001381362,rolling stones
fgfgggfffg,0.000170152,0.00034579,rolling stones
fgfgggffgf,0.000155638,0.000348432,rolling stones
fgfgggffgg,0.000615847,8.76E-05,beatles
fgfgggfgff,0.000148675,0.00035865,rolling stones
fgfgggfgfg,0.000587282,9.00E-05,beatles
fgfgggfggf,0.000582739,9.30E-05,beatles
fgfgggfggg,0.002327834,2.37E-05,beatles
fgfggggfff,0.000147694,0.000419277,rolling stones
fgfggggffg,0.000577538,0.000105142,beatles
fgfggggfgf,0.000569464,0.00010745,beatles
fgfggggfgg,0.002273463,2.72E-05,beatles
fgfgggggff,0.000566334,0.000121543,beatles
fgfgggggfg,0.002257995,3.07E-05,beatles
fgfggggggf,0.002253571,3.39E-05,beatles
fgfggggggg,0.009009578,8.88E-06,beatles
fggfffffff,6.04E-05,0.021118541,rolling stones
fggffffffg,0.00014188,0.005280656,rolling stones
fggfffffgf,7.98E-05,0.005286314,rolling stones
fggfffffgg,0.000293212,0.001322587,rolling stones
fggffffgff,4.90E-05,0.005303827,rolling stones
fggffffgfg,0.000169463,0.00132672,rolling stones
fggffffggf,0.00015293,0.001332462,rolling stones
fggffffggg,0.000603708,0.00033398,beatles
fggfffgfff,3.45E-05,0.005362178,rolling stones
fggfffgffg,0.00010936,0.001341248,rolling stones
fggfffgfgf,9.15E-05,0.001345524,rolling stones
fggfffgfgg,0.000358381,0.000337103,beatles
fggfffggff,8.31E-05,0.001363818,rolling stones
fggfffggfg,0.000322944,0.000341513,rolling stones
fggfffgggf,0.000316996,0.000346503,rolling stones
fggfffgggg,0.001263937,8.73E-05,beatles
fggffgffff,2.96E-05,0.005560398,rolling stones
fggffgfffg,8.45E-05,0.001390791,rolling stones
fggffgffgf,6.34E-05,0.001394717,rolling stones
fggffgffgg,0.000244708,0.000349369,rolling stones
fggffgfgff,5.31E-05,0.001408156,rolling stones
fggffgfgfg,0.000202825,0.000352564,rolling stones
fggffgfggf,0.000196926,0.000356714,rolling stones
fggffgfggg,0.000784481,8.98E-05,beatles
fggffggfff,4.99E-05,0.001469695,rolling stones
fggffggffg,0.000185356,0.000367908,rolling stones
fggffggfgf,0.000176635,0.00037107,rolling stones
fggffggfgg,0.000702423,9.33E-05,beatles
fggffgggff,0.000172956,0.00038726,rolling stones
fggffgggfg,0.000685329,9.72E-05,beatles
fggffggggf,0.000681316,0.000101251,beatles
fggffggggg,0.002721578,2.58E-05,beatles
fggfgfffff,3.27E-05,0.006269076,rolling stones
fggfgffffg,8.48E-05,0.001567964,rolling stones
fggfgfffgf,5.62E-05,0.00157184,rolling stones
fggfgfffgg,0.000212745,0.000393648,rolling stones
fggfgffgff,4.22E-05,0.001584179,rolling stones
fggfgffgfg,0.000156133,0.000396566,rolling stones
fggfgffggf,0.000148211,0.000400544,rolling stones
fggfgffggg,0.000588543,0.00010073,beatles
fggfgfgfff,3.60E-05,0.001629765,rolling stones
fggfgfgffg,0.000129473,0.000407922,rolling stones
fggfgfgfgf,0.000120383,0.000410901,rolling stones
fggfgfgfgg,0.000477272,0.000103223,beatles
fggfgfggff,0.000116289,0.000424362,rolling stones
fggfgfggfg,0.000459438,0.000106477,beatles
fggfgfgggf,0.000455933,0.000110046,beatles
fggfgfgggg,0.001820825,2.80E-05,beatles
fggfggffff,3.80E-05,0.001844124,rolling stones
fggfggfffg,0.000126831,0.000461502,rolling stones
fggfggffgf,0.000111395,0.000464236,rolling stones
fggfggffgg,0.000438482,0.000116533,beatles
fggfggfgff,0.000103978,0.000474377,rolling stones
fggfggfgfg,0.000408084,0.000118957,beatles
fggfggfggf,0.000403285,0.000121947,beatles
fggfggfggg,0.001609879,3.09E-05,beatles
fggfgggfff,0.000102824,0.000530047,rolling stones
fggfgggffg,0.000397518,0.000132847,beatles
fggfgggfgf,0.000389109,0.000135169,beatles
fggfgggfgg,0.001551898,3.42E-05,beatles
fggfggggff,0.000385833,0.000148576,beatles
fggfggggfg,0.001535765,3.74E-05,beatles
fggfgggggf,0.001531198,4.06E-05,beatles
fggfgggggg,0.006119969,1.05E-05,beatles
fgggffffff,4.88E-05,0.009276239,rolling stones
fgggfffffg,0.000118765,0.002319761,rolling stones
fgggffffgf,7.13E-05,0.002323654,rolling stones
fgggffffgg,0.000265022,0.000581606,rolling stones
fgggfffgff,4.80E-05,0.002335813,rolling stones
fgggfffgfg,0.000170774,0.000584478,rolling stones
fgggfffggf,0.000157634,0.000588443,rolling stones
fgggfffggg,0.000623475,0.000147706,beatles
fgggffgfff,3.74E-05,0.002377757,rolling stones
fgggffgffg,0.000125938,0.000594923,rolling stones
fgggffgfgf,0.000111156,0.000597882,rolling stones
fgggffgfgg,0.000437904,0.000149968,beatles
fgggffggff,0.000104442,0.000610767,rolling stones
fgggffggfg,0.000408766,0.000153077,beatles
fgggffgggf,0.000403192,0.00015656,beatles
fgggffgggg,0.001608343,3.96E-05,beatles
fgggfgffff,3.52E-05,0.002539294,rolling stones
fgggfgfffg,0.000110301,0.000635298,rolling stones
fgggfgffgf,9.14E-05,0.000638015,rolling stones
fgggfgffgg,0.000357085,0.000159979,beatles
fgggfgfgff,8.23E-05,0.000647561,rolling stones
fgggfgfgfg,0.000319852,0.000162253,beatles
fgggfgfggf,0.00031409,0.000165156,beatles
fgggfgfggg,0.001252566,4.17E-05,beatles
fgggfggfff,8.01E-05,0.000694231,rolling stones
fgggfggffg,0.000305625,0.000173892,beatles
fgggfggfgf,0.00029649,0.000176118,beatles
fgggfggfgg,0.001181103,4.44E-05,beatles
fgggfgggff,0.00029284,0.000188001,beatles
fgggfgggfg,0.001163528,4.73E-05,beatles
fgggfggggf,0.001158796,5.02E-05,beatles
fgggfggggg,0.004630298,1.29E-05,beatles
fggggfffff,4.52E-05,0.003368723,rolling stones
fggggffffg,0.000127824,0.000842654,rolling stones
fggggfffgf,9.50E-05,0.000845316,rolling stones
fggggfffgg,0.000365215,0.0002118,beatles
fggggffgff,7.91E-05,0.00085405,rolling stones
fggggffgfg,0.000300391,0.00021387,beatles
fggggffggf,0.00029061,0.000216635,beatles
fggggffggg,0.001156262,5.46E-05,beatles
fggggfgfff,7.26E-05,0.000889608,rolling stones
fggggfgffg,0.000271082,0.000222731,beatles
fggggfgfgf,0.000259175,0.000224819,beatles
fggggfgfgg,0.001030598,5.65E-05,beatles
fggggfggff,0.000254088,0.000234773,beatles
fggggfggfg,0.001007539,5.90E-05,beatles
fggggfgggf,0.001002204,6.15E-05,beatles
fggggfgggg,0.004003721,1.57E-05,beatles
fgggggffff,7.66E-05,0.001096177,rolling stones
fgggggfffg,0.000271984,0.000274367,rolling stones
fgggggffgf,0.000250972,0.000276287,rolling stones
fgggggffgg,0.000993414,6.94E-05,beatles
fgggggfgff,0.000241091,0.000283982,rolling stones
fgggggfgfg,0.000952458,7.12E-05,beatles
fgggggfggf,0.000945238,7.34E-05,beatles
fgggggfggg,0.003775187,1.87E-05,beatles
fggggggfff,0.000240099,0.000332479,rolling stones
fggggggffg,0.00093938,8.34E-05,beatles
fggggggfgf,0.000926718,8.51E-05,beatles
fggggggfgg,0.003699256,2.15E-05,beatles
fgggggggff,0.00092198,9.61E-05,beatles
fgggggggfg,0.003675449,2.42E-05,beatles
fggggggggf,0.003668081,2.67E-05,beatles
fggggggggg,0.014663949,6.98E-06,beatles
gfffffffff,0.00017936,0.022500016,rolling stones
gffffffffg,0.000418652,0.005625874,rolling stones
gfffffffgf,0.000232139,0.005630693,rolling stones
gfffffffgg,0.000852667,0.001408533,rolling stones
gffffffgff,0.000139212,0.005645613,rolling stones
gffffffgfg,0.000480199,0.001412054,rolling stones
gffffffggf,0.000432314,0.00141695,rolling stones
gffffffggg,0.001708373,0.000354974,beatles
gfffffgfff,9.39E-05,0.00569524,rolling stones
gfffffgffg,0.000296165,0.001424412,rolling stones
gfffffgfgf,0.000246601,0.001428069,rolling stones
gfffffgfgg,0.000966029,0.000357635,beatles
gfffffggff,0.000222482,0.001443673,rolling stones
gfffffggfg,0.000867152,0.000361396,beatles
gfffffgggf,0.000852889,0.000365659,beatles
gfffffgggg,0.003403818,9.20E-05,beatles
gffffgffff,7.43E-05,0.005861817,rolling stones
gffffgfffg,0.000210895,0.001466052,rolling stones
gffffgffgf,0.000157055,0.001469445,rolling stones
gffffgffgg,0.000606213,0.000367957,beatles
gffffgfgff,0.000130319,0.001481009,rolling stones
gffffgfgfg,0.000498748,0.000370706,beatles
gffffgfggf,0.000484684,0.000374287,beatles
gffffgfggg,0.001932327,9.41E-05,beatles
gffffggfff,0.000119534,0.00153338,rolling stones
gffffggffg,0.000449491,0.000383764,beatles
gffffggfgf,0.000431632,0.000386492,beatles
gffffggfgg,0.001718905,9.71E-05,beatles
gffffgggff,0.000423532,0.000400357,beatles
gffffgggfg,0.001683426,0.000100437,beatles
gffffggggf,0.001676711,0.000103904,beatles
gffffggggg,0.006701773,2.64E-05,beatles
gfffgfffff,7.21E-05,0.006421703,rolling stones
gfffgffffg,0.000185643,0.001606046,rolling stones
gfffgfffgf,0.000121482,0.001609501,rolling stones
gfffgfffgg,0.00045969,0.000402989,beatles
gfffgffgff,8.96E-05,0.001620449,rolling stones
gfffgffgfg,0.000331628,0.000405578,rolling stones
gfffgffggf,0.000315024,0.000409117,rolling stones
gfffgffggg,0.00125267,0.000102809,beatles
gfffgfgfff,7.43E-05,0.001660207,rolling stones
gfffgfgffg,0.000268988,0.000415481,rolling stones
gfffgfgfgf,0.000251319,0.000418132,rolling stones
gfffgfgfgg,0.000997843,0.000104977,beatles
gfffgfggff,0.00024284,0.000429993,rolling stones
gfffgfggfg,0.000962695,0.000107842,beatles
gfffgfgggf,0.000957297,0.000111004,beatles
gfffgfgggg,0.00382591,2.82E-05,beatles
gfffggffff,7.40E-05,0.001838707,rolling stones
gfffggfffg,0.000252886,0.000460099,rolling stones
gfffggffgf,0.000226052,0.000462539,rolling stones
gfffggffgg,0.000893008,0.000116059,beatles
gfffggfgff,0.000212843,0.00047146,rolling stones
gfffggfgfg,0.000839574,0.000118189,beatles
gfffggfggf,0.000832235,0.000120842,beatles
gfffggfggg,0.003325182,3.06E-05,beatles
gfffgggfff,0.000209507,0.000518993,rolling stones
gfffgggffg,0.000818522,0.000130048,beatles
gfffgggfgf,0.000806415,0.000132101,beatles
gfffgggfgg,0.003220116,3.33E-05,beatles
gfffggggff,0.000801373,0.00014371,beatles
gfffggggfg,0.003196281,3.62E-05,beatles
gfffgggggf,0.00319054,3.89E-05,beatles
gfffgggggg,0.012756909,1.01E-05,beatles
gffgffffff,8.89E-05,0.008255112,rolling stones
gffgfffffg,0.000214291,0.002064464,rolling stones
gffgffffgf,0.000126182,0.002068268,rolling stones
gffgffffgg,0.000468695,0.000517744,rolling stones
gffgfffgff,8.23E-05,0.002080089,rolling stones
gffgfffgfg,0.000292827,0.000520535,rolling stones
gffgfffggf,0.000270042,0.000524403,rolling stones
gffgfffggg,0.001069996,0.000131682,beatles
gffgffgfff,6.11E-05,0.002120075,rolling stones
gffgffgffg,0.000206273,0.000530492,rolling stones
gffgffgfgf,0.000182471,0.000533376,rolling stones
gffgffgfgg,0.000719935,0.00013383,beatles
gffgffggff,0.000170976,0.000545805,rolling stones
gffgffggfg,0.00067255,0.000136827,beatles
gffgffgggf,0.000665469,0.000140205,beatles
gffgffgggg,0.002657757,3.55E-05,beatles
gffgfgffff,5.29E-05,0.002263766,rolling stones
gffgfgfffg,0.000168146,0.000566407,rolling stones
gffgfgffgf,0.000141194,0.00056906,rolling stones
gffgfgffgg,0.00055349,0.00014273,beatles
gffgfgfgff,0.000127889,0.00057824,rolling stones
gffgfgfgfg,0.000499837,0.000144914,beatles
gffgfgfggf,0.000492552,0.000147731,beatles
gffgfgfggg,0.001966537,3.73E-05,beatles
gffgfggfff,0.000122903,0.000621455,rolling stones
gffgfggffg,0.000475983,0.00015569,beatles
gffgfggfgf,0.000466304,0.000157843,beatles
gffgfggfgg,0.001860759,3.98E-05,beatles
gffgfgggff,0.000462049,0.000169055,beatles
gffgfgggfg,0.001841729,4.25E-05,beatles
gffgfggggf,0.001837742,4.53E-05,beatles
gffgfggggg,0.007347567,1.17E-05,beatles
gffggfffff,6.65E-05,0.002880109,rolling stones
gffggffffg,0.000188747,0.000720496,rolling stones
gffggfffgf,0.000140612,0.000723122,rolling stones
gffggfffgg,0.000542413,0.000181246,beatles
gffggffgff,0.000116759,0.000731583,rolling stones
gffggffgfg,0.000446513,0.000183249,beatles
gffggffggf,0.000433731,0.000185956,beatles
gffggffggg,0.00172875,4.69E-05,beatles
gffggfgfff,0.000105798,0.000764151,rolling stones
gffggfgffg,0.000400409,0.000191363,beatles
gffggfgfgf,0.000386272,0.000193398,beatles
gffggfgfgg,0.001538819,4.87E-05,beatles
gffggfggff,0.000379672,0.000202799,beatles
gffggfggfg,0.001510888,5.10E-05,beatles
gffggfgggf,0.001506078,5.34E-05,beatles
gffggfgggg,0.006020851,1.37E-05,beatles
gffgggffff,0.000109526,0.000932929,rolling stones
gffgggfffg,0.000396721,0.000233551,beatles
gffgggffgf,0.00037103,0.000235421,beatles
gffgggffgg,0.001472921,5.92E-05,beatles
gffgggfgff,0.000358528,0.000242585,beatles
gffgggfgfg,0.001422011,6.09E-05,beatles
gffgggfggf,0.001414537,6.30E-05,beatles
gffgggfggg,0.005653709,1.60E-05,beatles
gffggggfff,0.000356347,0.000284382,beatles
gffggggffg,0.001403744,7.13E-05,beatles
gffggggfgf,0.001390414,7.29E-05,beatles
gffggggfgg,0.005555027,1.85E-05,beatles
gffgggggff,0.00138509,8.27E-05,beatles
gffgggggfg,0.005529104,2.09E-05,beatles
gffggggggf,0.005522193,2.31E-05,beatles
gffggggggg,0.022081893,6.07E-06,beatles
gfgfffffff,0.000133294,0.013418339,rolling stones
gfgffffffg,0.000312636,0.003355408,rolling stones
gfgfffffgf,0.000175012,0.003359972,rolling stones
gfgfffffgg,0.000643823,0.000840807,rolling stones
gfgffffgff,0.000106501,0.003374094,rolling stones
gfgffffgfg,0.000369092,0.00084414,rolling stones
gfgffffggf,0.000333551,0.000848772,rolling stones
gfgffffggg,0.001318412,0.00021289,beatles
gfgfffgfff,7.33E-05,0.003421063,rolling stones
gfgfffgffg,0.000233726,0.000855834,rolling stones
gfgfffgfgf,0.000196693,0.000859286,rolling stones
gfgfffgfgg,0.000771381,0.000215405,beatles
gfgfffggff,0.000178774,0.000874035,rolling stones
gfgfffggfg,0.000697596,0.00021896,beatles
gfgfffgggf,0.000686658,0.000222986,beatles
gfgfffgggg,0.002740381,5.63E-05,beatles
gfgffgffff,5.94E-05,0.003579289,rolling stones
gfgffgfffg,0.000172041,0.000895382,rolling stones
gfgffgffgf,0.000131269,0.000898561,rolling stones
gfgffgffgg,0.000508158,0.000225199,beatles
gfgffgfgff,0.000111093,0.000909417,rolling stones
gfgffgfgfg,0.000426906,0.000227779,beatles
gfgffgfggf,0.00041603,0.000231136,beatles
gfgffgfggg,0.001658842,5.83E-05,beatles
gfgffggfff,0.000103249,0.000958855,rolling stones
gfgffggffg,0.000390247,0.000240106,beatles
gfgffggfgf,0.000376121,0.000242663,beatles
gfgffggfgg,0.001498171,6.11E-05,beatles
gfgffgggff,0.000369828,0.000255709,beatles
gfgffgggfg,0.001470282,6.43E-05,beatles
gfgffggggf,0.001464677,6.75E-05,beatles
gfgffggggg,0.005854141,1.73E-05,beatles
gfgfgfffff,5.97E-05,0.004125748,rolling stones
gfgfgffffg,0.000157926,0.001032004,rolling stones
gfgfgfffgf,0.000107476,0.001035165,rolling stones
gfgfgfffgg,0.000408845,0.000259352,beatles
gfgfgffgff,8.25E-05,0.001045203,rolling stones
gfgfgffgfg,0.000308355,0.000261726,beatles
gfgfgffggf,0.00029491,0.000264967,beatles
gfgfgffggg,0.001173081,6.67E-05,beatles
gfgfgfgfff,7.09E-05,0.001081988,rolling stones
gfgfgfgffg,0.000259891,0.000270889,rolling stones
gfgfgfgfgf,0.000245165,0.000273316,rolling stones
gfgfgfgfgg,0.000974128,6.87E-05,beatles
gfgfgfggff,0.000238283,0.000284231,rolling stones
gfgfgfggfg,0.000945029,7.14E-05,beatles
gfgfgfgggf,0.000940031,7.43E-05,beatles
gfgfgfgggg,0.003756536,1.90E-05,beatles
gfgfggffff,7.13E-05,0.001251296,rolling stones
gfgfggfffg,0.000248858,0.000313209,rolling stones
gfgfggffgf,0.000226268,0.000315438,rolling stones
gfgfggffgg,0.0008951,7.92E-05,beatles
gfgfggfgff,0.000215291,0.000323649,rolling stones
gfgfggfgfg,0.0008504,8.12E-05,beatles
gfgfggfggf,0.000843764,8.36E-05,beatles
gfgfggfggg,0.003371008,2.13E-05,beatles
gfgfgggfff,0.000212852,0.000368118,rolling stones
gfgfgggffg,0.000833519,9.23E-05,beatles
gfgfgggfgf,0.00082254,9.42E-05,beatles
gfgfgggfgg,0.003284552,2.38E-05,beatles
gfgfggggff,0.000818118,0.000104966,beatles
gfgfggggfg,0.003263298,2.65E-05,beatles
gfgfgggggf,0.003257715,2.90E-05,beatles
gfgfgggggg,0.013025251,7.58E-06,beatles
gfggffffff,9.70E-05,0.006193911,rolling stones
gfggfffffg,0.000235875,0.001549059,rolling stones
gfggffffgf,0.000141169,0.001552286,rolling stones
gfggffffgg,0.00052541,0.000388646,beatles
gfggfffgff,9.42E-05,0.001562341,rolling stones
gfggfffgfg,0.000336624,0.00039102,rolling stones
gfggfffggf,0.00031163,0.000394304,rolling stones
gfggfffggg,0.001234674,9.91E-05,beatles
gfggffgfff,7.19E-05,0.001596719,rolling stones
gfggffgffg,0.000244609,0.000399581,rolling stones
gfggffgfgf,0.0002179,0.000402031,rolling stones
gfggffgfgg,0.000860094,0.000100921,beatles
gfggffggff,0.000205245,0.000412651,rolling stones
gfggffggfg,0.000807108,0.000103482,beatles
gfggffgggf,0.000798489,0.000106359,beatles
gfggffgggg,0.003188245,2.70E-05,beatles
gfggfgffff,6.43E-05,0.001725118,rolling stones
gfggfgfffg,0.000206587,0.000431674,rolling stones
gfggfgffgf,0.000175049,0.000433926,rolling stones
gfggfgffgg,0.000686522,0.000108876,beatles
gfggfgfgff,0.000159614,0.000441785,rolling stones
gfggfgfgfg,0.000623976,0.000110747,beatles
gfggfgfggf,0.000615021,0.000113147,beatles
gfggfgfggg,0.002454979,2.86E-05,beatles
gfggfggfff,0.000154548,0.000479548,rolling stones
gfggfggffg,0.000597526,0.000120164,beatles
gfggfggfgf,0.000584818,0.000122002,beatles
gfggfggfgg,0.002332964,3.08E-05,beatles
gfggfgggff,0.000579455,0.0001317,beatles
gfggfgggfg,0.002308254,3.32E-05,beatles
gfggfggggf,0.002302432,3.55E-05,beatles
gfggfggggg,0.00920421,9.19E-06,beatles
gfgggfffff,8.27E-05,0.002338041,rolling stones
gfgggffffg,0.000237185,0.000584905,rolling stones
gfgggfffgf,0.000179055,0.000587117,rolling stones
gfgggfffgg,0.000691261,0.000147171,beatles
gfgggffgff,0.000150448,0.000594317,rolling stones
gfgggffgfg,0.00057581,0.000148877,beatles
gfgggffggf,0.000559676,0.000151167,beatles
gfgggffggg,0.002229957,3.81E-05,beatles
gfgggfgfff,0.000137902,0.000622918,rolling stones
gfgggfgffg,0.000521532,0.000156004,beatles
gfgggfgfgf,0.000502971,0.00015773,beatles
gfgggfgfgg,0.002003102,3.97E-05,beatles
gfgggfggff,0.000494616,0.000165846,beatles
gfgggfggfg,0.001966744,4.17E-05,beatles
gfgggfgggf,0.001959588,4.38E-05,beatles
gfgggfgggg,0.007832369,1.12E-05,beatles
gfggggffff,0.000143459,0.000781331,rolling stones
gfggggfffg,0.000519619,0.000195601,beatles
gfggggffgf,0.000486132,0.000197189,beatles
gfggggffgg,0.001929044,4.96E-05,beatles
gfggggfgff,0.000470068,0.000203425,beatles
gfggggfgfg,0.001863146,5.11E-05,beatles
gfggggfggf,0.001852659,5.28E-05,beatles
gfggggfggg,0.007403414,1.35E-05,beatles
gfgggggfff,0.000467761,0.000241444,beatles
gfgggggffg,0.001840595,6.06E-05,beatles
gfgggggfgf,0.001822035,6.20E-05,beatles
gfgggggfgg,0.007278014,1.57E-05,beatles
gfggggggff,0.001814838,7.07E-05,beatles
gfggggggfg,0.007242474,1.78E-05,beatles
gfgggggggf,0.00723231,1.98E-05,beatles
gfgggggggg,0.028918416,5.20E-06,beatles
ggffffffff,0.000167433,0.021659481,rolling stones
ggfffffffg,0.000390967,0.005415739,rolling stones
ggffffffgf,0.000217075,0.005420556,rolling stones
ggffffffgg,0.000796882,0.001355998,rolling stones
ggfffffgff,0.000130604,0.005435456,rolling stones
ggfffffgfg,0.000449907,0.001359515,rolling stones
ggfffffggf,0.000404624,0.001364404,rolling stones
ggfffffggg,0.001597885,0.000341837,beatles
ggffffgfff,8.90E-05,0.005484942,rolling stones
ggffffgffg,0.000279592,0.001371836,rolling stones
ggffffgfgf,0.000231909,0.001375485,rolling stones
ggffffgfgg,0.000907722,0.000344488,beatles
ggffffggff,0.000209021,0.001391049,rolling stones
ggffffggfg,0.000812752,0.000348239,beatles
ggffffgggf,0.000798144,0.000352492,beatles
ggffffgggg,0.003183781,8.87E-05,beatles
ggfffgffff,7.25E-05,0.005650328,rolling stones
ggfffgfffg,0.000204017,0.001413177,rolling stones
ggfffgffgf,0.000150297,0.001416549,rolling stones
ggfffgffgg,0.000578911,0.00035473,beatles
ggfffgfgff,0.00012373,0.001428044,rolling stones
ggfffgfgfg,0.000471844,0.000357462,beatles
ggfffgfggf,0.000457459,0.000361021,beatles
ggfffgfggg,0.00182282,9.08E-05,beatles
ggfffggfff,0.000114097,0.001480075,rolling stones
ggfffggffg,0.000424685,0.000370435,beatles
ggfffggfgf,0.000404967,0.000373146,beatles
ggfffggfgg,0.001611147,9.37E-05,beatles
ggfffgggff,0.000396312,0.000386921,beatles
ggfffgggfg,0.001572148,9.71E-05,beatles
ggfffggggf,0.001563962,0.00010052,beatles
ggfffggggg,0.006249043,2.56E-05,beatles
ggffgfffff,7.48E-05,0.006200457,rolling stones
ggffgffffg,0.000190223,0.001550724,rolling stones
ggffgfffgf,0.000122293,0.001554119,rolling stones
ggffgfffgg,0.000460949,0.000389133,beatles
ggffgffgff,8.86E-05,0.001564875,rolling stones
ggffgffgfg,0.000325572,0.000391676,rolling stones
ggffgffggf,0.000307578,0.000395154,rolling stones
ggffgffggg,0.001221689,9.93E-05,beatles
ggffgfgfff,7.30E-05,0.001603934,rolling stones
ggffgfgffg,0.000260193,0.000401405,rolling stones
ggffgfgfgf,0.000240484,0.00040401,rolling stones
ggffgfgfgg,0.000953336,0.000101438,beatles
ggffgfggff,0.000231238,0.000415661,rolling stones
ggffgfggfg,0.000914305,0.000104253,beatles
ggffgfgggf,0.000907706,0.000107359,beatles
ggffgfgggg,0.003626224,2.73E-05,beatles
ggffggffff,7.51E-05,0.001779358,rolling stones
ggffggfffg,0.000248422,0.000445253,rolling stones
ggffggffgf,0.000216168,0.000447648,rolling stones
ggffggffgg,0.000850778,0.000112328,beatles
ggffggfgff,0.000200418,0.000456403,rolling stones
ggffggfgfg,0.000786775,0.000114419,beatles
ggffggfggf,0.000777552,0.000117022,beatles
ggffggfggg,0.003104939,2.96E-05,beatles
ggffgggfff,0.000197191,0.000503088,rolling stones
ggffgggffg,0.00076295,0.000126066,beatles
ggffgggfgf,0.000747015,0.000128081,beatles
ggffgggfgg,0.002980323,3.23E-05,beatles
ggffggggff,0.000740567,0.000139479,beatles
ggffggggfg,0.002949221,3.51E-05,beatles
ggffgggggf,0.002941176,3.78E-05,beatles
ggffgggggg,0.011756881,9.80E-06,beatles
ggfgffffff,9.89E-05,0.007973024,rolling stones
ggfgfffffg,0.000236751,0.001993904,rolling stones
ggfgffffgf,0.000137648,0.001997497,rolling stones
ggfgffffgg,0.000509399,0.000500014,beatles
ggfgfffgff,8.85E-05,0.002008667,rolling stones
ggfgfffgfg,0.000311892,0.000502652,rolling stones
ggfgfffggf,0.000285631,0.000506306,rolling stones
ggfgfffggg,0.00112994,0.000127126,beatles
ggfgffgfff,6.53E-05,0.002046473,rolling stones
ggfgffgffg,0.00021581,0.000512065,rolling stones
ggfgffgfgf,0.000187607,0.000514791,rolling stones
ggfgffgfgg,0.000738259,0.000129157,beatles
ggfgffggff,0.000174294,0.00052654,rolling stones
ggfgffggfg,0.000682313,0.00013199,beatles
ggfgffgggf,0.00067307,0.000135183,beatles
ggfgffgggg,0.002686049,3.42E-05,beatles
ggfgfgffff,5.77E-05,0.002182662,rolling stones
ggfgfgfffg,0.000176615,0.000546105,rolling stones
ggfgfgffgf,0.00014303,0.000548612,rolling stones
ggfgfgffgg,0.000557581,0.000137593,beatles
ggfgfgfgff,0.000126592,0.00055729,rolling stones
ggfgfgfgfg,0.00049096,0.000139657,beatles
ggfgfgfggf,0.000481425,0.00014232,beatles
ggfgfgfggg,0.001920284,3.60E-05,beatles
ggfgfggfff,0.000121369,0.000598193,rolling stones
ggfgfggffg,0.000463064,0.000149857,beatles
ggfgfggfgf,0.000449265,0.000151892,beatles
ggfgfggfgg,0.001790274,3.83E-05,beatles
ggfgfgggff,0.000443464,0.000162499,beatles
ggfgfgggfg,0.001763401,4.09E-05,beatles
ggfgfggggf,0.001757016,4.35E-05,beatles
ggfgfggggg,0.007022021,1.12E-05,beatles
ggfggfffff,7.64E-05,0.00277217,rolling stones
ggfggffffg,0.000207646,0.000693484,rolling stones
ggfggfffgf,0.000146751,0.000695956,rolling stones
ggfggfffgg,0.000560892,0.000174427,beatles
ggfggffgff,0.000116772,0.00070393,rolling stones
ggfggffgfg,0.000439929,0.000176315,beatles
ggfggffggf,0.000423059,0.000178865,beatles
ggfggffggg,0.001683134,4.51E-05,beatles
ggfggfgfff,0.000103608,0.000734706,rolling stones
ggfggfgffg,0.000383015,0.000183983,beatles
ggfggfgfgf,0.00036362,0.000185901,beatles
ggfggfgfgg,0.001445344,4.68E-05,beatles
ggfggfggff,0.000354877,0.000194773,beatles
ggfggfggfg,0.001407325,4.89E-05,beatles
ggfggfgggf,0.001399876,5.13E-05,beatles
ggfggfgggg,0.005593319,1.31E-05,beatles
ggfgggffff,0.000109633,0.000895191,rolling stones
ggfgggfffg,0.000381405,0.000224098,beatles
ggfgggffgf,0.000346099,0.000225861,beatles
ggfgggffgg,0.001368173,5.68E-05,beatles
ggfgggfgff,0.000329139,0.000232628,beatles
ggfgggfgfg,0.001298644,5.84E-05,beatles
ggfgggfggf,0.001287664,6.03E-05,beatles
ggfgggfggg,0.005143195,1.54E-05,beatles
ggfggggfff,0.000326727,0.000272257,beatles
ggfggggffg,0.001274859,6.83E-05,beatles
ggfggggfgf,0.001255298,6.98E-05,beatles
ggfggggfgg,0.005010633,1.77E-05,beatles
ggfgggggff,0.001247697,7.91E-05,beatles
ggfgggggfg,0.004973105,2.00E-05,beatles
ggfggggggf,0.004962427,2.21E-05,beatles
ggfggggggg,0.019838415,5.79E-06,beatles
gggfffffff,0.00014761,0.013263886,rolling stones
gggffffffg,0.000345984,0.003316645,rolling stones
gggfffffgf,0.000193643,0.003320378,rolling stones
gggfffffgg,0.000711184,0.00083076,rolling stones
gggffffgff,0.000118103,0.003331936,rolling stones
gggffffgfg,0.000407587,0.000833488,rolling stones
gggffffggf,0.000367133,0.000837279,rolling stones
gggffffggg,0.001449062,0.00020989,beatles
gggfffgfff,8.25E-05,0.003370443,rolling stones
gggfffgffg,0.000259955,0.000843076,rolling stones
gggfffgfgf,0.000216407,0.000845905,rolling stones
gggfffgfgg,0.000846975,0.000211954,beatles
gggfffggff,0.00019588,0.000857992,rolling stones
gggfffggfg,0.000760488,0.000214867,beatles
gggfffgggf,0.000746105,0.000218167,beatles
gggfffgggg,0.002974741,5.50E-05,beatles
gggffgffff,7.02E-05,0.003500871,rolling stones
gggffgfffg,0.000198392,0.000875678,rolling stones
gggffgffgf,0.000147227,0.000878289,rolling stones
gggffgffgg,0.0005671,0.000220031,beatles
gggffgfgff,0.0001221,0.000887213,rolling stones
gggffgfgfg,0.000465422,0.000222152,beatles
gggffgfggf,0.000451155,0.000224911,beatles
gggffgfggg,0.00179689,5.66E-05,beatles
gggffggfff,0.000114141,0.000927897,rolling stones
gggffggffg,0.000422758,0.000232296,beatles
gggffggfgf,0.000401843,0.000234399,beatles
gggffggfgg,0.001597536,5.89E-05,beatles
gggffgggff,0.000392989,0.000245131,beatles
gggffgggfg,0.001556521,6.16E-05,beatles
gggffggggf,0.00154698,6.42E-05,beatles
gggffggggg,0.006179213,1.64E-05,beatles
gggfgfffff,7.71E-05,0.003960369,rolling stones
gggfgffffg,0.000197753,0.00099056,rolling stones
gggfgfffgf,0.000128943,0.000993167,rolling stones
gggfgfffgg,0.000486271,0.000248755,beatles
gggfgffgff,9.51E-05,0.001001456,rolling stones
gggfgffgfg,0.000349575,0.000250715,beatles
gggfgffggf,0.000330509,0.00025339,beatles
gggfgffggg,0.00131176,6.37E-05,beatles
gggfgfgfff,8.01E-05,0.001031907,rolling stones
gggfgfgffg,0.000285086,0.0002583,beatles
gggfgfgfgf,0.000263279,0.000260306,beatles
gggfgfgfgg,0.001042936,6.54E-05,beatles
gggfgfggff,0.000253432,0.000269332,rolling stones
gggfgfggfg,0.001000129,6.76E-05,beatles
gggfgfgggf,0.000991787,7.00E-05,beatles
gggfgfgggg,0.003960295,1.78E-05,beatles
gggfggffff,8.44E-05,0.001173025,rolling stones
gggfggfffg,0.000278146,0.000293574,rolling stones
gggfggffgf,0.000241311,0.000295417,rolling stones
gggfggffgg,0.000948353,7.42E-05,beatles
gggfggfgff,0.000223598,0.000302219,rolling stones
gggfggfgfg,0.00087579,7.58E-05,beatles
gggfggfggf,0.000864379,7.78E-05,beatles
gggfggfggg,0.003449815,1.97E-05,beatles
gggfgggfff,0.000220774,0.000339175,rolling stones
gggfgggffg,0.000850439,8.50E-05,beatles
gggfgggfgf,0.0008305,8.66E-05,beatles
gggfgggfgg,0.003311275,2.19E-05,beatles
gggfggggff,0.000822716,9.55E-05,beatles
gggfggggfg,0.003272997,2.41E-05,beatles
gggfgggggf,0.003262206,2.62E-05,beatles
gggfgggggg,0.013037459,6.82E-06,beatles
ggggffffff,0.000117781,0.005834927,rolling stones
ggggfffffg,0.000283724,0.001459206,rolling stones
ggggffffgf,0.000167179,0.001461842,rolling stones
ggggffffgg,0.000618942,0.00036593,beatles
ggggfffgff,0.000109722,0.001470067,rolling stones
ggggfffgfg,0.000387279,0.000367872,beatles
ggggfffggf,0.000355144,0.000370557,rolling stones
ggggfffggg,0.001403506,9.30E-05,beatles
ggggffgfff,8.37E-05,0.001498325,rolling stones
ggggffgffg,0.000276798,0.000374909,rolling stones
ggggffgfgf,0.000240823,0.000376916,rolling stones
ggggffgfgg,0.000947012,9.46E-05,beatles
ggggffggff,0.000224417,0.000385628,rolling stones
ggggffggfg,0.000876054,9.67E-05,beatles
ggggffgggf,0.000862668,9.90E-05,beatles
ggggffgggg,0.003440183,2.51E-05,beatles
ggggfgffff,7.78E-05,0.001605525,rolling stones
ggggfgfffg,0.000237552,0.000401705,rolling stones
ggggfgffgf,0.00019191,0.000403555,rolling stones
ggggfgffgg,0.000746937,0.000101213,beatles
ggggfgfgff,0.000169848,0.000410029,rolling stones
ggggfgfgfg,0.000656883,0.000102754,beatles
ggggfgfggf,0.000643036,0.000104728,beatles
ggggfgfggg,0.002563126,2.65E-05,beatles
ggggfggfff,0.000164443,0.000441334,rolling stones
ggggfggffg,0.000622159,0.000110562,beatles
ggggfggfgf,0.000600387,0.000112075,beatles
ggggfggfgg,0.002390033,2.83E-05,beatles
ggggfgggff,0.000591655,0.000120091,beatles
ggggfgggfg,0.002348115,3.02E-05,beatles
ggggfggggf,0.00233693,3.22E-05,beatles
ggggfggggg,0.009336239,8.30E-06,beatles
gggggfffff,0.000102403,0.002137738,rolling stones
gggggffffg,0.000280502,0.000534759,rolling stones
gggggfffgf,0.00020055,0.000536578,rolling stones
gggggfffgg,0.000766255,0.000134466,beatles
gggggffgff,0.000161625,0.000542521,rolling stones
gggggffgfg,0.000608231,0.000135875,beatles
gggggffggf,0.000584558,0.000137762,beatles
gggggffggg,0.002323476,3.47E-05,beatles
gggggfgfff,0.00014582,0.000566384,rolling stones
gggggfgffg,0.000536508,0.000141822,beatles
gggggfgfgf,0.000507832,0.000143247,beatles
gggggfgfgg,0.002016732,3.60E-05,beatles
gggggfggff,0.000495525,0.000149984,beatles
gggggfggfg,0.001961143,3.77E-05,beatles
gggggfgggf,0.001948449,3.94E-05,beatles
gggggfgggg,0.007781788,1.01E-05,beatles
ggggggffff,0.000155251,0.000701464,rolling stones
ggggggfffg,0.000538318,0.000175588,beatles
ggggggffgf,0.000487572,0.0001769,beatles
ggggggffgg,0.001925153,4.44E-05,beatles
ggggggfgff,0.000463664,0.000182097,beatles
ggggggfgfg,0.001826152,4.57E-05,beatles
ggggggfggf,0.001808854,4.72E-05,beatles
ggggggfggg,0.007221764,1.20E-05,beatles
gggggggfff,0.000461175,0.000214213,beatles
gggggggffg,0.001794343,5.37E-05,beatles
gggggggfgf,0.001763976,5.49E-05,beatles
gggggggfgg,0.007037778,1.39E-05,beatles
ggggggggff,0.001752578,6.22E-05,beatles
ggggggggfg,0.006980589,1.57E-05,beatles
gggggggggf,0.006963003,1.74E-05,beatles
gggggggggg,0.027832125,4.55E-06,beatles
